battery_cells,pv_units,garment_id,service_definition,capability_diagnostic,mass_kg,acquisition_cost,status,outcome,components,diagnostics,structural_residuals,residuals,issues_1,metrics,artifact
1,0,0,whole_body_total_heat_v1,1.0,2.25,960.0,policy_failure,failed,"{""C"": false, ""E"": null, ""S"": null, ""R"": null}","{""energy_wh"": 462.0, ""body_power_w"": -65.29319233476953}","{""equipment_unavailable"": 0.0, ""initial_equipment_unavailable"": 0.0}","{""soc_lower"": -0.95, ""soc_upper"": 0.0, ""time_alignment_hours"": -1e-09, ""electrical_balance_wh"": -1e-08, ""battery_temperature_state_c"": 0.0, ""forcing_alignment"": 0.0}",Only 0 of 30 intervals are present; unseen intervals were not imputed.,"{""scheduled_steps"": 30, ""observed_steps"": 0, ""full_duration_hours"": 3.0, ""observed_duration_hours"": 0.0, ""mean_thermal_score_observed"": null, ""whole_body_unmet_heat_wh"": 0.0, ""service_floor_shortfall_duration_hours"": 0.0, ""allocation_deficit_duration_hours"": [0.0, 0.0, 0.0, 0.0, 0.0, 0.0, 0.0, 0.0, 0.0, 0.0, 0.0, 0.0], ""allocation_unmet_heat_wh"": [0.0, 0.0, 0.0, 0.0, 0.0, 0.0, 0.0, 0.0, 0.0, 0.0, 0.0, 0.0], ""electrical_load_energy_wh"": 0.0, ""pv_available_energy_wh"": 0.0, ""pv_used_energy_wh"": 0.0, ""pv_curtailed_energy_wh"": 0.0, ""discharged_ah"": 0.0, ""minimum_soc"": 1.0, ""observed_end_soc"": 1.0, ""terminal_soc"": null, ""low_soc_duration_hours"": 0.0, ""peak_load_w"": null, ""equipment_on_duration_hours"": 0.0, ""air_temperature_range_c"": null, ""filtered_air_temperature_range_c"": null, ""battery_temperature_range_c"": {""minimum"": 20.0, ""maximum"": 20.0}, ""priority_groups_observed"": [], ""priority_audit_seconds"": 0.0}",runs/y1_h0_g0.json
1,0,1,whole_body_total_heat_v1,0.7914577584928468,1.75,760.0,policy_failure,failed,"{""C"": false, ""E"": null, ""S"": null, ""R"": null}","{""energy_wh"": 462.0, ""body_power_w"": 143.82199391049215}","{""equipment_unavailable"": 0.0, ""initial_equipment_unavailable"": 0.0}","{""soc_lower"": -0.95, ""soc_upper"": 0.0, ""time_alignment_hours"": -1e-09, ""electrical_balance_wh"": -1e-08, ""battery_temperature_state_c"": 0.0, ""forcing_alignment"": 0.0}",Only 0 of 30 intervals are present; unseen intervals were not imputed.,"{""scheduled_steps"": 30, ""observed_steps"": 0, ""full_duration_hours"": 3.0, ""observed_duration_hours"": 0.0, ""mean_thermal_score_observed"": null, ""whole_body_unmet_heat_wh"": 0.0, ""service_floor_shortfall_duration_hours"": 0.0, ""allocation_deficit_duration_hours"": [0.0, 0.0, 0.0, 0.0, 0.0, 0.0, 0.0, 0.0, 0.0, 0.0, 0.0, 0.0], ""allocation_unmet_heat_wh"": [0.0, 0.0, 0.0, 0.0, 0.0, 0.0, 0.0, 0.0, 0.0, 0.0, 0.0, 0.0], ""electrical_load_energy_wh"": 0.0, ""pv_available_energy_wh"": 0.0, ""pv_used_energy_wh"": 0.0, ""pv_curtailed_energy_wh"": 0.0, ""discharged_ah"": 0.0, ""minimum_soc"": 1.0, ""observed_end_soc"": 1.0, ""terminal_soc"": null, ""low_soc_duration_hours"": 0.0, ""peak_load_w"": null, ""equipment_on_duration_hours"": 0.0, ""air_temperature_range_c"": null, ""filtered_air_temperature_range_c"": null, ""battery_temperature_range_c"": {""minimum"": 20.0, ""maximum"": 20.0}, ""priority_groups_observed"": [], ""priority_audit_seconds"": 0.0}",runs/y1_h0_g1.json
1,0,2,whole_body_total_heat_v1,0.9711727456437672,1.45,510.0,policy_failure,failed,"{""C"": false, ""E"": null, ""S"": null, ""R"": null}","{""energy_wh"": 264.0, ""body_power_w"": 16.783574370240345}","{""equipment_unavailable"": 0.0, ""initial_equipment_unavailable"": 0.0}","{""soc_lower"": -0.95, ""soc_upper"": 0.0, ""time_alignment_hours"": -1e-09, ""electrical_balance_wh"": -1e-08, ""battery_temperature_state_c"": 0.0, ""forcing_alignment"": 0.0}",Only 0 of 30 intervals are present; unseen intervals were not imputed.,"{""scheduled_steps"": 30, ""observed_steps"": 0, ""full_duration_hours"": 3.0, ""observed_duration_hours"": 0.0, ""mean_thermal_score_observed"": null, ""whole_body_unmet_heat_wh"": 0.0, ""service_floor_shortfall_duration_hours"": 0.0, ""allocation_deficit_duration_hours"": [0.0, 0.0, 0.0, 0.0, 0.0, 0.0, 0.0, 0.0, null, null, null, null], ""allocation_unmet_heat_wh"": [0.0, 0.0, 0.0, 0.0, 0.0, 0.0, 0.0, 0.0, null, null, null, null], ""electrical_load_energy_wh"": 0.0, ""pv_available_energy_wh"": 0.0, ""pv_used_energy_wh"": 0.0, ""pv_curtailed_energy_wh"": 0.0, ""discharged_ah"": 0.0, ""minimum_soc"": 1.0, ""observed_end_soc"": 1.0, ""terminal_soc"": null, ""low_soc_duration_hours"": 0.0, ""peak_load_w"": null, ""equipment_on_duration_hours"": 0.0, ""air_temperature_range_c"": null, ""filtered_air_temperature_range_c"": null, ""battery_temperature_range_c"": {""minimum"": 20.0, ""maximum"": 20.0}, ""priority_groups_observed"": [], ""priority_audit_seconds"": 0.0}",runs/y1_h0_g2.json
1,0,3,whole_body_total_heat_v1,0.6457480899723209,1.25,410.0,policy_failure,failed,"{""C"": false, ""E"": null, ""S"": null, ""R"": null}","{""energy_wh"": 264.0, ""body_power_w"": 337.6692318631293}","{""equipment_unavailable"": 0.0, ""initial_equipment_unavailable"": 0.0}","{""soc_lower"": -0.95, ""soc_upper"": 0.0, ""time_alignment_hours"": -1e-09, ""electrical_balance_wh"": -1e-08, ""battery_temperature_state_c"": 0.0, ""forcing_alignment"": 0.0}",Only 0 of 30 intervals are present; unseen intervals were not imputed.,"{""scheduled_steps"": 30, ""observed_steps"": 0, ""full_duration_hours"": 3.0, ""observed_duration_hours"": 0.0, ""mean_thermal_score_observed"": null, ""whole_body_unmet_heat_wh"": 0.0, ""service_floor_shortfall_duration_hours"": 0.0, ""allocation_deficit_duration_hours"": [0.0, 0.0, 0.0, 0.0, 0.0, 0.0, 0.0, 0.0, null, null, null, null], ""allocation_unmet_heat_wh"": [0.0, 0.0, 0.0, 0.0, 0.0, 0.0, 0.0, 0.0, null, null, null, null], ""electrical_load_energy_wh"": 0.0, ""pv_available_energy_wh"": 0.0, ""pv_used_energy_wh"": 0.0, ""pv_curtailed_energy_wh"": 0.0, ""discharged_ah"": 0.0, ""minimum_soc"": 1.0, ""observed_end_soc"": 1.0, ""terminal_soc"": null, ""low_soc_duration_hours"": 0.0, ""peak_load_w"": null, ""equipment_on_duration_hours"": 0.0, ""air_temperature_range_c"": null, ""filtered_air_temperature_range_c"": null, ""battery_temperature_range_c"": {""minimum"": 20.0, ""maximum"": 20.0}, ""priority_groups_observed"": [], ""priority_audit_seconds"": 0.0}",runs/y1_h0_g3.json
2,0,0,whole_body_total_heat_v1,1.0,2.5,970.0,feasible,success,"{""C"": true, ""E"": true, ""S"": true, ""R"": true}","{""energy_wh"": 405.0, ""body_power_w"": -65.29319233476953}","{""equipment_unavailable"": 0.0, ""initial_equipment_unavailable"": 0.0}","{""soc_lower"": -0.09999999999999996, ""soc_upper"": 0.0, ""time_alignment_hours"": -1e-09, ""electrical_balance_wh"": -1e-08, ""battery_temperature_state_c"": 0.0, ""forcing_alignment"": 0.0, ""pwm_lower"": -0.0, ""pwm_mask"": 0.0, ""equipment_availability"": 0.0, ""pv_lower_w"": -0.0, ""pv_upper_w"": 0.0, ""equipment_hysteresis"": 0.0, ""sensor_filter_state_c"": 0.0, ""priority_conformance"": -1.0099999986022198e-07, ""discharge_w"": -26.567591832583417, ""charge_w"": -65.0, ""bus_w"": -106.56759183258342, ""service"": 0.0, ""service_oversupply"": 0.0, ""terminal_soc"": 0.0}",,"{""scheduled_steps"": 30, ""observed_steps"": 30, ""full_duration_hours"": 3.0, ""observed_duration_hours"": 3.0, ""mean_thermal_score_observed"": 0.9677410844628096, ""whole_body_unmet_heat_wh"": 0.0, ""service_floor_shortfall_duration_hours"": 0.0, ""allocation_deficit_duration_hours"": [0.9999999999999999, 0.8999999999999999, 0.1, 0.0, 0.9999999999999999, 0.7999999999999999, 0.9999999999999999, 0.9999999999999999, 0.5, 0.5, 0.30000000000000004, 0.30000000000000004], ""allocation_unmet_heat_wh"": [0.4814248609131515, 0.48152042163380204, 2.1869105793825837e-06, 0.0, 2.1097338172641464, 2.109725072506921, 0.7180597422695325, 0.7180560145138901, 2.253696178323454, 1.8991018417985601, 1.0371809471671147, 1.0371809471671147], ""electrical_load_energy_wh"": 101.99999999999999, ""pv_available_energy_wh"": 0.0, ""pv_used_energy_wh"": 0.0, ""pv_curtailed_energy_wh"": 0.0, ""discharged_ah"": 9.444444444444448, ""minimum_soc"": 0.14999999999999997, ""observed_end_soc"": 0.14999999999999997, ""terminal_soc"": 0.14999999999999997, ""low_soc_duration_hours"": 0.0, ""peak_load_w"": 93.43240816741658, ""equipment_on_duration_hours"": 0.0, ""air_temperature_range_c"": {""minimum"": -11.2, ""maximum"": -8.8}, ""filtered_air_temperature_range_c"": {""minimum"": -11.2, ""maximum"": -8.8}, ""battery_temperature_range_c"": {""minimum"": -9.73816486353107, ""maximum"": 20.0}, ""priority_groups_observed"": [[0.9999990000000001, 0.999999, 0.999999], [0.9999990000000001, 0.999999, 0.999999], [0.9999990000000001, 0.999999, 0.999999], [0.9999990000000001, 0.999999, 0.999999], [0.9999990000000001, 0.999999, 0.999999], [0.9999990000000001, 0.999999, 0.999999], [0.9999990000000001, 0.999999, 0.999999], [1.0, 1.0, 1.0], [1.0, 1.0, 1.0], [1.0, 1.0, 1.0], [1.0, 1.0, 1.0], [1.0, 1.0, 1.0], [0.9999990000000001, 0.999999, 0.999999], [0.9999990000000001, 0.999999, 0.17855534855222346], [1.0, 1.0, 1.0], [1.0, 1.0, 1.0], [1.0, 1.0, 1.0], [1.0, 1.0, 1.0], [1.0, 1.0, 1.0], [0.9999990000000001, 0.0, 1.0250001095350448e-07], [0.9999989999999999, 0.999999, 0.6713711653265194], [1.0, 1.0, 1.0], [1.0, 1.0, 1.0], [1.0, 1.0, 1.0], [1.0, 1.0, 1.0], [1.0, 1.0, 1.0], [0.6965949597973513, 0.0, 0.0], [0.6965317919075145, 0.0, 0.0], [1.0, 1.0, 1.0], [1.0, 1.0, 1.0]], ""priority_audit_seconds"": 0.8322203300194815}",runs/y2_h0_g0.json
2,0,1,whole_body_total_heat_v1,0.7914577584928468,2.0,770.0,policy_failure,failed,"{""C"": false, ""E"": null, ""S"": null, ""R"": null}","{""energy_wh"": 405.0, ""body_power_w"": 143.82199391049215}","{""equipment_unavailable"": 0.0, ""initial_equipment_unavailable"": 0.0}","{""soc_lower"": -0.95, ""soc_upper"": 0.0, ""time_alignment_hours"": -1e-09, ""electrical_balance_wh"": -1e-08, ""battery_temperature_state_c"": 0.0, ""forcing_alignment"": 0.0}",Only 0 of 30 intervals are present; unseen intervals were not imputed.,"{""scheduled_steps"": 30, ""observed_steps"": 0, ""full_duration_hours"": 3.0, ""observed_duration_hours"": 0.0, ""mean_thermal_score_observed"": null, ""whole_body_unmet_heat_wh"": 0.0, ""service_floor_shortfall_duration_hours"": 0.0, ""allocation_deficit_duration_hours"": [0.0, 0.0, 0.0, 0.0, 0.0, 0.0, 0.0, 0.0, 0.0, 0.0, 0.0, 0.0], ""allocation_unmet_heat_wh"": [0.0, 0.0, 0.0, 0.0, 0.0, 0.0, 0.0, 0.0, 0.0, 0.0, 0.0, 0.0], ""electrical_load_energy_wh"": 0.0, ""pv_available_energy_wh"": 0.0, ""pv_used_energy_wh"": 0.0, ""pv_curtailed_energy_wh"": 0.0, ""discharged_ah"": 0.0, ""minimum_soc"": 1.0, ""observed_end_soc"": 1.0, ""terminal_soc"": null, ""low_soc_duration_hours"": 0.0, ""peak_load_w"": null, ""equipment_on_duration_hours"": 0.0, ""air_temperature_range_c"": null, ""filtered_air_temperature_range_c"": null, ""battery_temperature_range_c"": {""minimum"": 20.0, ""maximum"": 20.0}, ""priority_groups_observed"": [], ""priority_audit_seconds"": 0.0}",runs/y2_h0_g1.json
2,0,2,whole_body_total_heat_v1,0.9711727456437672,1.7,520.0,policy_failure,failed,"{""C"": false, ""E"": null, ""S"": null, ""R"": null}","{""energy_wh"": 207.0, ""body_power_w"": 16.783574370240345}","{""equipment_unavailable"": 0.0, ""initial_equipment_unavailable"": 0.0}","{""soc_lower"": -0.95, ""soc_upper"": 0.0, ""time_alignment_hours"": -1e-09, ""electrical_balance_wh"": -1e-08, ""battery_temperature_state_c"": 0.0, ""forcing_alignment"": 0.0}",Only 0 of 30 intervals are present; unseen intervals were not imputed.,"{""scheduled_steps"": 30, ""observed_steps"": 0, ""full_duration_hours"": 3.0, ""observed_duration_hours"": 0.0, ""mean_thermal_score_observed"": null, ""whole_body_unmet_heat_wh"": 0.0, ""service_floor_shortfall_duration_hours"": 0.0, ""allocation_deficit_duration_hours"": [0.0, 0.0, 0.0, 0.0, 0.0, 0.0, 0.0, 0.0, null, null, null, null], ""allocation_unmet_heat_wh"": [0.0, 0.0, 0.0, 0.0, 0.0, 0.0, 0.0, 0.0, null, null, null, null], ""electrical_load_energy_wh"": 0.0, ""pv_available_energy_wh"": 0.0, ""pv_used_energy_wh"": 0.0, ""pv_curtailed_energy_wh"": 0.0, ""discharged_ah"": 0.0, ""minimum_soc"": 1.0, ""observed_end_soc"": 1.0, ""terminal_soc"": null, ""low_soc_duration_hours"": 0.0, ""peak_load_w"": null, ""equipment_on_duration_hours"": 0.0, ""air_temperature_range_c"": null, ""filtered_air_temperature_range_c"": null, ""battery_temperature_range_c"": {""minimum"": 20.0, ""maximum"": 20.0}, ""priority_groups_observed"": [], ""priority_audit_seconds"": 0.0}",runs/y2_h0_g2.json
2,0,3,whole_body_total_heat_v1,0.6457480899723209,1.5,420.0,policy_failure,failed,"{""C"": false, ""E"": null, ""S"": null, ""R"": null}","{""energy_wh"": 207.0, ""body_power_w"": 337.6692318631293}","{""equipment_unavailable"": 0.0, ""initial_equipment_unavailable"": 0.0}","{""soc_lower"": -0.95, ""soc_upper"": 0.0, ""time_alignment_hours"": -1e-09, ""electrical_balance_wh"": -1e-08, ""battery_temperature_state_c"": 0.0, ""forcing_alignment"": 0.0}",Only 0 of 30 intervals are present; unseen intervals were not imputed.,"{""scheduled_steps"": 30, ""observed_steps"": 0, ""full_duration_hours"": 3.0, ""observed_duration_hours"": 0.0, ""mean_thermal_score_observed"": null, ""whole_body_unmet_heat_wh"": 0.0, ""service_floor_shortfall_duration_hours"": 0.0, ""allocation_deficit_duration_hours"": [0.0, 0.0, 0.0, 0.0, 0.0, 0.0, 0.0, 0.0, null, null, null, null], ""allocation_unmet_heat_wh"": [0.0, 0.0, 0.0, 0.0, 0.0, 0.0, 0.0, 0.0, null, null, null, null], ""electrical_load_energy_wh"": 0.0, ""pv_available_energy_wh"": 0.0, ""pv_used_energy_wh"": 0.0, ""pv_curtailed_energy_wh"": 0.0, ""discharged_ah"": 0.0, ""minimum_soc"": 1.0, ""observed_end_soc"": 1.0, ""terminal_soc"": null, ""low_soc_duration_hours"": 0.0, ""peak_load_w"": null, ""equipment_on_duration_hours"": 0.0, ""air_temperature_range_c"": null, ""filtered_air_temperature_range_c"": null, ""battery_temperature_range_c"": {""minimum"": 20.0, ""maximum"": 20.0}, ""priority_groups_observed"": [], ""priority_audit_seconds"": 0.0}",runs/y2_h0_g3.json
3,0,0,whole_body_total_heat_v1,1.0,2.75,980.0,feasible,success,"{""C"": true, ""E"": true, ""S"": true, ""R"": true}","{""energy_wh"": 348.0, ""body_power_w"": -65.29319233476953}","{""equipment_unavailable"": 0.0, ""initial_equipment_unavailable"": 0.0}","{""soc_lower"": -0.3326427325838343, ""soc_upper"": 0.0, ""time_alignment_hours"": -1e-09, ""electrical_balance_wh"": -1e-08, ""battery_temperature_state_c"": 0.0, ""forcing_alignment"": 0.0, ""pwm_lower"": -0.0, ""pwm_mask"": -0.34685391078853056, ""equipment_availability"": 0.0, ""pv_lower_w"": -0.0, ""pv_upper_w"": 0.0, ""equipment_hysteresis"": 0.0, ""sensor_filter_state_c"": 0.0, ""priority_conformance"": -1.0099999986022198e-07, ""discharge_w"": -86.56759183258342, ""charge_w"": -95.0, ""bus_w"": -106.56759183258342, ""service"": 0.0, ""service_oversupply"": 0.0, ""terminal_soc"": -0.2326427325838343}",,"{""scheduled_steps"": 30, ""observed_steps"": 30, ""full_duration_hours"": 3.0, ""observed_duration_hours"": 3.0, ""mean_thermal_score_observed"": 1.0, ""whole_body_unmet_heat_wh"": 0.0, ""service_floor_shortfall_duration_hours"": 0.0, ""allocation_deficit_duration_hours"": [0.8999999999999999, 0.8999999999999999, 0.0, 0.0, 0.9999999999999999, 0.30000000000000004, 0.7, 1.0999999999999999, 0.1, 0.1, 0.0, 0.0], ""allocation_unmet_heat_wh"": [1.024177175001917e-05, 1.783175770340151e-05, 0.0, 0.0, 3.2645331083269724e-05, 8.088163377184544e-06, 9.388384202235756e-06, 1.4065088042025664e-05, 8.881784197001253e-17, 8.881784197001253e-17, 0.0, 0.0], ""electrical_load_energy_wh"": 111.12430813490978, ""pv_available_energy_wh"": 0.0, ""pv_used_energy_wh"": 0.0, ""pv_curtailed_energy_wh"": 0.0, ""discharged_ah"": 10.289287790269427, ""minimum_soc"": 0.3826427325838343, ""observed_end_soc"": 0.3826427325838343, ""terminal_soc"": 0.3826427325838343, ""low_soc_duration_hours"": 0.0, ""peak_load_w"": 93.43240816741658, ""equipment_on_duration_hours"": 0.0, ""air_temperature_range_c"": {""minimum"": -11.2, ""maximum"": -8.8}, ""filtered_air_temperature_range_c"": {""minimum"": -11.2, ""maximum"": -8.8}, ""battery_temperature_range_c"": {""minimum"": -8.74839954459262, ""maximum"": 20.0}, ""priority_groups_observed"": [[0.9999990000000001, 0.999999, 0.999999], [0.9999990000000001, 0.999999, 0.999999], [0.9999990000000001, 0.999999, 0.999999], [0.9999990000000001, 0.999999, 0.999999], [0.9999990000000001, 0.999999, 0.999999], [0.9999990000000001, 0.999999, 0.999999], [0.9999990000000001, 0.999999, 0.999999], [1.0, 1.0, 1.0], [1.0, 1.0, 1.0], [1.0, 1.0, 1.0], [1.0, 1.0, 1.0], [1.0, 1.0, 1.0], [0.9999990000000001, 0.999999, 0.999999], [0.9999990000000001, 0.999999, 0.999999], [1.0, 1.0, 1.0], [1.0, 1.0, 1.0], [1.0, 1.0, 1.0], [1.0, 1.0, 1.0], [1.0, 1.0, 1.0], [0.9999990000000001, 0.999999, 0.999999], [0.9999990000000001, 0.999999, 0.9999989999999999], [1.0, 1.0, 1.0], [1.0, 1.0, 1.0], [1.0, 1.0, 1.0], [1.0, 1.0, 1.0], [1.0, 1.0, 1.0], [0.9999990000000001, 0.999999, 0.999999], [0.9999990000000001, 0.999999, 0.999999], [1.0, 1.0, 1.0], [1.0, 1.0, 1.0]], ""priority_audit_seconds"": 0.767566331953276}",runs/y3_h0_g0.json
3,0,1,whole_body_total_heat_v1,0.7914577584928468,2.25,780.0,policy_failure,failed,"{""C"": false, ""E"": null, ""S"": null, ""R"": null}","{""energy_wh"": 348.0, ""body_power_w"": 143.82199391049215}","{""equipment_unavailable"": 0.0, ""initial_equipment_unavailable"": 0.0}","{""soc_lower"": -0.95, ""soc_upper"": 0.0, ""time_alignment_hours"": -1e-09, ""electrical_balance_wh"": -1e-08, ""battery_temperature_state_c"": 0.0, ""forcing_alignment"": 0.0}",Only 0 of 30 intervals are present; unseen intervals were not imputed.,"{""scheduled_steps"": 30, ""observed_steps"": 0, ""full_duration_hours"": 3.0, ""observed_duration_hours"": 0.0, ""mean_thermal_score_observed"": null, ""whole_body_unmet_heat_wh"": 0.0, ""service_floor_shortfall_duration_hours"": 0.0, ""allocation_deficit_duration_hours"": [0.0, 0.0, 0.0, 0.0, 0.0, 0.0, 0.0, 0.0, 0.0, 0.0, 0.0, 0.0], ""allocation_unmet_heat_wh"": [0.0, 0.0, 0.0, 0.0, 0.0, 0.0, 0.0, 0.0, 0.0, 0.0, 0.0, 0.0], ""electrical_load_energy_wh"": 0.0, ""pv_available_energy_wh"": 0.0, ""pv_used_energy_wh"": 0.0, ""pv_curtailed_energy_wh"": 0.0, ""discharged_ah"": 0.0, ""minimum_soc"": 1.0, ""observed_end_soc"": 1.0, ""terminal_soc"": null, ""low_soc_duration_hours"": 0.0, ""peak_load_w"": null, ""equipment_on_duration_hours"": 0.0, ""air_temperature_range_c"": null, ""filtered_air_temperature_range_c"": null, ""battery_temperature_range_c"": {""minimum"": 20.0, ""maximum"": 20.0}, ""priority_groups_observed"": [], ""priority_audit_seconds"": 0.0}",runs/y3_h0_g1.json
3,0,2,whole_body_total_heat_v1,0.9711727456437672,1.95,530.0,feasible,success,"{""C"": true, ""E"": true, ""S"": true, ""R"": true}","{""energy_wh"": 150.0, ""body_power_w"": 16.783574370240345}","{""equipment_unavailable"": 0.0, ""initial_equipment_unavailable"": 0.0}","{""soc_lower"": -0.15055632320685391, ""soc_upper"": 0.0, ""time_alignment_hours"": -1e-09, ""electrical_balance_wh"": -1e-08, ""battery_temperature_state_c"": 0.0, ""forcing_alignment"": 0.0, ""pwm_lower"": -0.0, ""pwm_mask"": 0.0, ""equipment_availability"": 0.0, ""pv_lower_w"": -0.0, ""pv_upper_w"": 0.0, ""equipment_hysteresis"": 0.0, ""sensor_filter_state_c"": 0.0, ""priority_conformance"": -1.0099999963817737e-07, ""discharge_w"": -73.0, ""charge_w"": -95.0, ""bus_w"": -93.0, ""service"": 0.0, ""service_oversupply"": 0.0, ""terminal_soc"": -0.05055632320685394}",,"{""scheduled_steps"": 30, ""observed_steps"": 30, ""full_duration_hours"": 3.0, ""observed_duration_hours"": 3.0, ""mean_thermal_score_observed"": 0.9711727456437672, ""whole_body_unmet_heat_wh"": 0.0, ""service_floor_shortfall_duration_hours"": 0.0, ""allocation_deficit_duration_hours"": [0.5, 0.7999999999999999, 0.0, 1.3, 1.3, 0.8999999999999999, 1.2, 1.2, null, null, null, null], ""allocation_unmet_heat_wh"": [0.046083659755946194, 0.04609686095651489, 0.0, 7.254263349745117, 1.1313672918587212, 1.131356900309172, 1.3106890752301918, 1.3106851474904846, null, null, null, null], ""electrical_load_energy_wh"": 143.89986182276635, ""pv_available_energy_wh"": 0.0, ""pv_used_energy_wh"": 0.0, ""pv_curtailed_energy_wh"": 0.0, ""discharged_ah"": 13.324061279885768, ""minimum_soc"": 0.20055632320685393, ""observed_end_soc"": 0.20055632320685393, ""terminal_soc"": 0.20055632320685393, ""low_soc_duration_hours"": 0.0, ""peak_load_w"": 107.0, ""equipment_on_duration_hours"": 0.0, ""air_temperature_range_c"": {""minimum"": -11.2, ""maximum"": -8.8}, ""filtered_air_temperature_range_c"": {""minimum"": -11.2, ""maximum"": -8.8}, ""battery_temperature_range_c"": {""minimum"": -8.74839954459262, ""maximum"": 20.0}, ""priority_groups_observed"": [[0.8566179150727525, 0.7630018329113268, 0.8415461392404341], [0.8566179150727525, 0.7630018329113268, 0.8415461392404341], [0.8566179150727525, 0.7630018329113268, 0.8415461392404341], [0.8566179150727525, 0.7630018329113268, 0.8415461392404341], [0.8566179150727525, 0.7630018329113268, 0.8415461392404341], [0.9233810114921733, 0.9310100480794444, 0.9999990000000001], [0.9233810114921733, 0.9310100480794444, 0.9999990000000001], [1.0, 1.0, 1.0], [1.0, 1.0, 1.0], [1.0, 1.0, 1.0], [1.0, 1.0, 1.0], [1.0, 1.0, 1.0], [0.9069674261907866, 0.887668866825682, 0.9790465442930317], [0.9069674261907866, 0.887668866825682, 0.9790465442930317], [1.0, 1.0, 1.0], [1.0, 1.0, 1.0], [1.0, 1.0, 1.0], [1.0, 1.0, 1.0], [1.0, 1.0, 1.0], [0.9069674261907866, 0.887668866825682, 0.9790465442930317], [0.927822546445831, 0.9427411325227286, 0.9999989999999996], [1.0, 1.0, 1.0], [1.0, 1.0, 1.0], [1.0, 1.0, 1.0], [1.0, 1.0, 1.0], [1.0, 1.0, 1.0], [0.9726182487105202, 0.9999990000000001, 0.9999990000000001], [0.9726182487105202, 0.9999990000000001, 0.9999990000000001], [1.0, 1.0, 1.0], [1.0, 1.0, 1.0]], ""priority_audit_seconds"": 0.648718792188447}",runs/y3_h0_g2.json
3,0,3,whole_body_total_heat_v1,0.6457480899723209,1.75,430.0,policy_failure,failed,"{""C"": false, ""E"": null, ""S"": null, ""R"": null}","{""energy_wh"": 150.0, ""body_power_w"": 337.6692318631293}","{""equipment_unavailable"": 0.0, ""initial_equipment_unavailable"": 0.0}","{""soc_lower"": -0.95, ""soc_upper"": 0.0, ""time_alignment_hours"": -1e-09, ""electrical_balance_wh"": -1e-08, ""battery_temperature_state_c"": 0.0, ""forcing_alignment"": 0.0}",Only 0 of 30 intervals are present; unseen intervals were not imputed.,"{""scheduled_steps"": 30, ""observed_steps"": 0, ""full_duration_hours"": 3.0, ""observed_duration_hours"": 0.0, ""mean_thermal_score_observed"": null, ""whole_body_unmet_heat_wh"": 0.0, ""service_floor_shortfall_duration_hours"": 0.0, ""allocation_deficit_duration_hours"": [0.0, 0.0, 0.0, 0.0, 0.0, 0.0, 0.0, 0.0, null, null, null, null], ""allocation_unmet_heat_wh"": [0.0, 0.0, 0.0, 0.0, 0.0, 0.0, 0.0, 0.0, null, null, null, null], ""electrical_load_energy_wh"": 0.0, ""pv_available_energy_wh"": 0.0, ""pv_used_energy_wh"": 0.0, ""pv_curtailed_energy_wh"": 0.0, ""discharged_ah"": 0.0, ""minimum_soc"": 1.0, ""observed_end_soc"": 1.0, ""terminal_soc"": null, ""low_soc_duration_hours"": 0.0, ""peak_load_w"": null, ""equipment_on_duration_hours"": 0.0, ""air_temperature_range_c"": null, ""filtered_air_temperature_range_c"": null, ""battery_temperature_range_c"": {""minimum"": 20.0, ""maximum"": 20.0}, ""priority_groups_observed"": [], ""priority_audit_seconds"": 0.0}",runs/y3_h0_g3.json
4,0,0,whole_body_total_heat_v1,1.0,3.0,990.0,feasible,success,"{""C"": true, ""E"": true, ""S"": true, ""R"": true}","{""energy_wh"": 291.0, ""body_power_w"": -65.29319233476953}","{""equipment_unavailable"": 0.0, ""initial_equipment_unavailable"": 0.0}","{""soc_lower"": -0.4869820494378759, ""soc_upper"": 0.0, ""time_alignment_hours"": -1e-09, ""electrical_balance_wh"": -1e-08, ""battery_temperature_state_c"": 0.0, ""forcing_alignment"": 0.0, ""pwm_lower"": -0.0, ""pwm_mask"": -0.34685391078853056, ""equipment_availability"": 0.0, ""pv_lower_w"": -0.0, ""pv_upper_w"": 0.0, ""equipment_hysteresis"": 0.0, ""sensor_filter_state_c"": 0.0, ""priority_conformance"": -1.0099999986022198e-07, ""discharge_w"": -146.56759183258342, ""charge_w"": -125.0, ""bus_w"": -106.56759183258342, ""service"": 0.0, ""service_oversupply"": 0.0, ""terminal_soc"": -0.38698204943787584}",,"{""scheduled_steps"": 30, ""observed_steps"": 30, ""full_duration_hours"": 3.0, ""observed_duration_hours"": 3.0, ""mean_thermal_score_observed"": 1.0, ""whole_body_unmet_heat_wh"": 0.0, ""service_floor_shortfall_duration_hours"": 0.0, ""allocation_deficit_duration_hours"": [0.8999999999999999, 0.8999999999999999, 0.0, 0.0, 0.6, 0.7, 0.7, 1.0999999999999999, 0.1, 0.1, 0.0, 0.0], ""allocation_unmet_heat_wh"": [1.2642746405555629e-05, 1.543078304786505e-05, 0.0, 0.0, 1.9364596194648696e-05, 2.1368898265805572e-05, 9.236559022385295e-06, 1.4216913221876127e-05, 8.881784197001253e-17, 8.881784197001253e-17, 0.0, 0.0], ""electrical_load_energy_wh"": 111.1243081349098, ""pv_available_energy_wh"": 0.0, ""pv_used_energy_wh"": 0.0, ""pv_curtailed_energy_wh"": 0.0, ""discharged_ah"": 10.289287790269425, ""minimum_soc"": 0.5369820494378759, ""observed_end_soc"": 0.5369820494378759, ""terminal_soc"": 0.5369820494378759, ""low_soc_duration_hours"": 0.0, ""peak_load_w"": 93.43240816741658, ""equipment_on_duration_hours"": 0.0, ""air_temperature_range_c"": {""minimum"": -11.2, ""maximum"": -8.8}, ""filtered_air_temperature_range_c"": {""minimum"": -11.2, ""maximum"": -8.8}, ""battery_temperature_range_c"": {""minimum"": -8.155925672957558, ""maximum"": 20.0}, ""priority_groups_observed"": [[0.9999990000000001, 0.999999, 0.999999], [0.9999990000000001, 0.999999, 0.999999], [0.9999990000000001, 0.999999, 0.999999], [0.9999990000000001, 0.999999, 0.999999], [0.9999990000000001, 0.999999, 0.999999], [0.9999990000000001, 0.999999, 0.999999], [0.9999990000000001, 0.999999, 0.999999], [1.0, 1.0, 1.0], [1.0, 1.0, 1.0], [1.0, 1.0, 1.0], [1.0, 1.0, 1.0], [1.0, 1.0, 1.0], [0.9999990000000001, 0.999999, 0.999999], [0.9999990000000001, 0.999999, 0.999999], [1.0, 1.0, 1.0], [1.0, 1.0, 1.0], [1.0, 1.0, 1.0], [1.0, 1.0, 1.0], [1.0, 1.0, 1.0], [0.9999990000000001, 0.999999, 0.999999], [0.9999990000000001, 0.999999, 0.9999989999999999], [1.0, 1.0, 1.0], [1.0, 1.0, 1.0], [1.0, 1.0, 1.0], [1.0, 1.0, 1.0], [1.0, 1.0, 1.0], [0.9999990000000001, 0.999999, 0.999999], [0.9999990000000001, 0.999999, 0.999999], [1.0, 1.0, 1.0], [1.0, 1.0, 1.0]], ""priority_audit_seconds"": 0.7483922079554759}",runs/y4_h0_g0.json
4,0,1,whole_body_total_heat_v1,0.7914577584928468,2.5,790.0,policy_failure,failed,"{""C"": false, ""E"": null, ""S"": null, ""R"": null}","{""energy_wh"": 291.0, ""body_power_w"": 143.82199391049215}","{""equipment_unavailable"": 0.0, ""initial_equipment_unavailable"": 0.0}","{""soc_lower"": -0.95, ""soc_upper"": 0.0, ""time_alignment_hours"": -1e-09, ""electrical_balance_wh"": -1e-08, ""battery_temperature_state_c"": 0.0, ""forcing_alignment"": 0.0}",Only 0 of 30 intervals are present; unseen intervals were not imputed.,"{""scheduled_steps"": 30, ""observed_steps"": 0, ""full_duration_hours"": 3.0, ""observed_duration_hours"": 0.0, ""mean_thermal_score_observed"": null, ""whole_body_unmet_heat_wh"": 0.0, ""service_floor_shortfall_duration_hours"": 0.0, ""allocation_deficit_duration_hours"": [0.0, 0.0, 0.0, 0.0, 0.0, 0.0, 0.0, 0.0, 0.0, 0.0, 0.0, 0.0], ""allocation_unmet_heat_wh"": [0.0, 0.0, 0.0, 0.0, 0.0, 0.0, 0.0, 0.0, 0.0, 0.0, 0.0, 0.0], ""electrical_load_energy_wh"": 0.0, ""pv_available_energy_wh"": 0.0, ""pv_used_energy_wh"": 0.0, ""pv_curtailed_energy_wh"": 0.0, ""discharged_ah"": 0.0, ""minimum_soc"": 1.0, ""observed_end_soc"": 1.0, ""terminal_soc"": null, ""low_soc_duration_hours"": 0.0, ""peak_load_w"": null, ""equipment_on_duration_hours"": 0.0, ""air_temperature_range_c"": null, ""filtered_air_temperature_range_c"": null, ""battery_temperature_range_c"": {""minimum"": 20.0, ""maximum"": 20.0}, ""priority_groups_observed"": [], ""priority_audit_seconds"": 0.0}",runs/y4_h0_g1.json
4,0,2,whole_body_total_heat_v1,0.9711727456437672,2.2,540.0,feasible,success,"{""C"": true, ""E"": true, ""S"": true, ""R"": true}","{""energy_wh"": 93.0, ""body_power_w"": 16.783574370240345}","{""equipment_unavailable"": 0.0, ""initial_equipment_unavailable"": 0.0}","{""soc_lower"": -0.35041724240514055, ""soc_upper"": 0.0, ""time_alignment_hours"": -1e-09, ""electrical_balance_wh"": -1e-08, ""battery_temperature_state_c"": 0.0, ""forcing_alignment"": 0.0, ""pwm_lower"": -0.0, ""pwm_mask"": 0.0, ""equipment_availability"": 0.0, ""pv_lower_w"": -0.0, ""pv_upper_w"": 0.0, ""equipment_hysteresis"": 0.0, ""sensor_filter_state_c"": 0.0, ""priority_conformance"": -1.0099999963817737e-07, ""discharge_w"": -133.0, ""charge_w"": -125.0, ""bus_w"": -93.0, ""service"": 0.0, ""service_oversupply"": 0.0, ""terminal_soc"": -0.2504172424051405}",,"{""scheduled_steps"": 30, ""observed_steps"": 30, ""full_duration_hours"": 3.0, ""observed_duration_hours"": 3.0, ""mean_thermal_score_observed"": 0.9711727456437672, ""whole_body_unmet_heat_wh"": 0.0, ""service_floor_shortfall_duration_hours"": 0.0, ""allocation_deficit_duration_hours"": [0.5, 0.7999999999999999, 0.0, 1.3, 1.3, 0.8999999999999999, 1.2, 1.2, null, null, null, null], ""allocation_unmet_heat_wh"": [0.046083659755946194, 0.04609686095651489, 0.0, 7.254263349745117, 1.1313672918587212, 1.131356900309172, 1.3106890752301918, 1.3106851474904846, null, null, null, null], ""electrical_load_energy_wh"": 143.89986182276635, ""pv_available_energy_wh"": 0.0, ""pv_used_energy_wh"": 0.0, ""pv_curtailed_energy_wh"": 0.0, ""discharged_ah"": 13.324061279885768, ""minimum_soc"": 0.40041724240514054, ""observed_end_soc"": 0.40041724240514054, ""terminal_soc"": 0.40041724240514054, ""low_soc_duration_hours"": 0.0, ""peak_load_w"": 107.0, ""equipment_on_duration_hours"": 0.0, ""air_temperature_range_c"": {""minimum"": -11.2, ""maximum"": -8.8}, ""filtered_air_temperature_range_c"": {""minimum"": -11.2, ""maximum"": -8.8}, ""battery_temperature_range_c"": {""minimum"": -8.155925672957558, ""maximum"": 20.0}, ""priority_groups_observed"": [[0.8566179150727525, 0.7630018329113268, 0.8415461392404341], [0.8566179150727525, 0.7630018329113268, 0.8415461392404341], [0.8566179150727525, 0.7630018329113268, 0.8415461392404341], [0.8566179150727525, 0.7630018329113268, 0.8415461392404341], [0.8566179150727525, 0.7630018329113268, 0.8415461392404341], [0.9233810114921733, 0.9310100480794444, 0.9999990000000001], [0.9233810114921733, 0.9310100480794444, 0.9999990000000001], [1.0, 1.0, 1.0], [1.0, 1.0, 1.0], [1.0, 1.0, 1.0], [1.0, 1.0, 1.0], [1.0, 1.0, 1.0], [0.9069674261907866, 0.887668866825682, 0.9790465442930317], [0.9069674261907866, 0.887668866825682, 0.9790465442930317], [1.0, 1.0, 1.0], [1.0, 1.0, 1.0], [1.0, 1.0, 1.0], [1.0, 1.0, 1.0], [1.0, 1.0, 1.0], [0.9069674261907866, 0.887668866825682, 0.9790465442930317], [0.927822546445831, 0.9427411325227286, 0.9999989999999996], [1.0, 1.0, 1.0], [1.0, 1.0, 1.0], [1.0, 1.0, 1.0], [1.0, 1.0, 1.0], [1.0, 1.0, 1.0], [0.9726182487105202, 0.9999990000000001, 0.9999990000000001], [0.9726182487105202, 0.9999990000000001, 0.9999990000000001], [1.0, 1.0, 1.0], [1.0, 1.0, 1.0]], ""priority_audit_seconds"": 0.658848918043077}",runs/y4_h0_g2.json
4,0,3,whole_body_total_heat_v1,0.6457480899723209,2.0,440.0,policy_failure,failed,"{""C"": false, ""E"": null, ""S"": null, ""R"": null}","{""energy_wh"": 93.0, ""body_power_w"": 337.6692318631293}","{""equipment_unavailable"": 0.0, ""initial_equipment_unavailable"": 0.0}","{""soc_lower"": -0.95, ""soc_upper"": 0.0, ""time_alignment_hours"": -1e-09, ""electrical_balance_wh"": -1e-08, ""battery_temperature_state_c"": 0.0, ""forcing_alignment"": 0.0}",Only 0 of 30 intervals are present; unseen intervals were not imputed.,"{""scheduled_steps"": 30, ""observed_steps"": 0, ""full_duration_hours"": 3.0, ""observed_duration_hours"": 0.0, ""mean_thermal_score_observed"": null, ""whole_body_unmet_heat_wh"": 0.0, ""service_floor_shortfall_duration_hours"": 0.0, ""allocation_deficit_duration_hours"": [0.0, 0.0, 0.0, 0.0, 0.0, 0.0, 0.0, 0.0, null, null, null, null], ""allocation_unmet_heat_wh"": [0.0, 0.0, 0.0, 0.0, 0.0, 0.0, 0.0, 0.0, null, null, null, null], ""electrical_load_energy_wh"": 0.0, ""pv_available_energy_wh"": 0.0, ""pv_used_energy_wh"": 0.0, ""pv_curtailed_energy_wh"": 0.0, ""discharged_ah"": 0.0, ""minimum_soc"": 1.0, ""observed_end_soc"": 1.0, ""terminal_soc"": null, ""low_soc_duration_hours"": 0.0, ""peak_load_w"": null, ""equipment_on_duration_hours"": 0.0, ""air_temperature_range_c"": null, ""filtered_air_temperature_range_c"": null, ""battery_temperature_range_c"": {""minimum"": 20.0, ""maximum"": 20.0}, ""priority_groups_observed"": [], ""priority_audit_seconds"": 0.0}",runs/y4_h0_g3.json
5,0,0,whole_body_total_heat_v1,1.0,3.25,1000.0,feasible,success,"{""C"": true, ""E"": true, ""S"": true, ""R"": true}","{""energy_wh"": 234.0, ""body_power_w"": -65.29319233476953}","{""equipment_unavailable"": 0.0, ""initial_equipment_unavailable"": 0.0}","{""soc_lower"": -0.5795856395502998, ""soc_upper"": 0.0, ""time_alignment_hours"": -1e-09, ""electrical_balance_wh"": -1e-08, ""battery_temperature_state_c"": 0.0, ""forcing_alignment"": 0.0, ""pwm_lower"": -0.0, ""pwm_mask"": -0.34685391078853056, ""equipment_availability"": 0.0, ""pv_lower_w"": -0.0, ""pv_upper_w"": 0.0, ""equipment_hysteresis"": 0.0, ""sensor_filter_state_c"": 0.0, ""priority_conformance"": -1.0099999986022198e-07, ""discharge_w"": -206.56759183258342, ""charge_w"": -155.0, ""bus_w"": -106.56759183258342, ""service"": 0.0, ""service_oversupply"": 0.0, ""terminal_soc"": -0.47958563955029987}",,"{""scheduled_steps"": 30, ""observed_steps"": 30, ""full_duration_hours"": 3.0, ""observed_duration_hours"": 3.0, ""mean_thermal_score_observed"": 1.0, ""whole_body_unmet_heat_wh"": 0.0, ""service_floor_shortfall_duration_hours"": 0.0, ""allocation_deficit_duration_hours"": [0.8999999999999999, 0.8999999999999999, 0.0, 0.0, 0.5, 0.7999999999999999, 0.7, 1.0999999999999999, 0.1, 0.1, 0.0, 0.0], ""allocation_unmet_heat_wh"": [7.4773311979914325e-06, 2.0596198255429245e-05, 0.0, 0.0, 1.5617197562534105e-05, 2.5116296897920164e-05, 9.236559022385295e-06, 1.4216913221876127e-05, 8.881784197001253e-17, 8.881784197001253e-17, 0.0, 0.0], ""electrical_load_energy_wh"": 111.1243081349098, ""pv_available_energy_wh"": 0.0, ""pv_used_energy_wh"": 0.0, ""pv_curtailed_energy_wh"": 0.0, ""discharged_ah"": 10.289287790269425, ""minimum_soc"": 0.6295856395502999, ""observed_end_soc"": 0.6295856395502999, ""terminal_soc"": 0.6295856395502999, ""low_soc_duration_hours"": 0.0, ""peak_load_w"": 93.43240816741658, ""equipment_on_duration_hours"": 0.0, ""air_temperature_range_c"": {""minimum"": -11.2, ""maximum"": -8.8}, ""filtered_air_temperature_range_c"": {""minimum"": -11.2, ""maximum"": -8.8}, ""battery_temperature_range_c"": {""minimum"": -7.235268375633497, ""maximum"": 20.0}, ""priority_groups_observed"": [[0.9999990000000001, 0.999999, 0.999999], [0.9999990000000001, 0.999999, 0.999999], [0.9999990000000001, 0.999999, 0.999999], [0.9999990000000001, 0.999999, 0.999999], [0.9999990000000001, 0.999999, 0.999999], [0.9999990000000001, 0.999999, 0.999999], [0.9999990000000001, 0.999999, 0.999999], [1.0, 1.0, 1.0], [1.0, 1.0, 1.0], [1.0, 1.0, 1.0], [1.0, 1.0, 1.0], [1.0, 1.0, 1.0], [0.9999990000000001, 0.999999, 0.999999], [0.9999990000000001, 0.999999, 0.999999], [1.0, 1.0, 1.0], [1.0, 1.0, 1.0], [1.0, 1.0, 1.0], [1.0, 1.0, 1.0], [1.0, 1.0, 1.0], [0.9999990000000001, 0.999999, 0.999999], [0.9999990000000001, 0.999999, 0.9999989999999999], [1.0, 1.0, 1.0], [1.0, 1.0, 1.0], [1.0, 1.0, 1.0], [1.0, 1.0, 1.0], [1.0, 1.0, 1.0], [0.9999990000000001, 0.999999, 0.999999], [0.9999990000000001, 0.999999, 0.999999], [1.0, 1.0, 1.0], [1.0, 1.0, 1.0]], ""priority_audit_seconds"": 0.7535030018188991}",runs/y5_h0_g0.json
5,0,1,whole_body_total_heat_v1,0.7914577584928468,2.75,800.0,policy_failure,failed,"{""C"": false, ""E"": null, ""S"": null, ""R"": null}","{""energy_wh"": 234.0, ""body_power_w"": 143.82199391049215}","{""equipment_unavailable"": 0.0, ""initial_equipment_unavailable"": 0.0}","{""soc_lower"": -0.95, ""soc_upper"": 0.0, ""time_alignment_hours"": -1e-09, ""electrical_balance_wh"": -1e-08, ""battery_temperature_state_c"": 0.0, ""forcing_alignment"": 0.0}",Only 0 of 30 intervals are present; unseen intervals were not imputed.,"{""scheduled_steps"": 30, ""observed_steps"": 0, ""full_duration_hours"": 3.0, ""observed_duration_hours"": 0.0, ""mean_thermal_score_observed"": null, ""whole_body_unmet_heat_wh"": 0.0, ""service_floor_shortfall_duration_hours"": 0.0, ""allocation_deficit_duration_hours"": [0.0, 0.0, 0.0, 0.0, 0.0, 0.0, 0.0, 0.0, 0.0, 0.0, 0.0, 0.0], ""allocation_unmet_heat_wh"": [0.0, 0.0, 0.0, 0.0, 0.0, 0.0, 0.0, 0.0, 0.0, 0.0, 0.0, 0.0], ""electrical_load_energy_wh"": 0.0, ""pv_available_energy_wh"": 0.0, ""pv_used_energy_wh"": 0.0, ""pv_curtailed_energy_wh"": 0.0, ""discharged_ah"": 0.0, ""minimum_soc"": 1.0, ""observed_end_soc"": 1.0, ""terminal_soc"": null, ""low_soc_duration_hours"": 0.0, ""peak_load_w"": null, ""equipment_on_duration_hours"": 0.0, ""air_temperature_range_c"": null, ""filtered_air_temperature_range_c"": null, ""battery_temperature_range_c"": {""minimum"": 20.0, ""maximum"": 20.0}, ""priority_groups_observed"": [], ""priority_audit_seconds"": 0.0}",runs/y5_h0_g1.json
5,0,2,whole_body_total_heat_v1,0.9711727456437672,2.45,550.0,feasible,success,"{""C"": true, ""E"": true, ""S"": true, ""R"": true}","{""energy_wh"": 36.0, ""body_power_w"": 16.783574370240345}","{""equipment_unavailable"": 0.0, ""initial_equipment_unavailable"": 0.0}","{""soc_lower"": -0.47033379392411184, ""soc_upper"": 0.0, ""time_alignment_hours"": -1e-09, ""electrical_balance_wh"": -1e-08, ""battery_temperature_state_c"": 0.0, ""forcing_alignment"": 0.0, ""pwm_lower"": -0.0, ""pwm_mask"": 0.0, ""equipment_availability"": 0.0, ""pv_lower_w"": -0.0, ""pv_upper_w"": 0.0, ""equipment_hysteresis"": 0.0, ""sensor_filter_state_c"": 0.0, ""priority_conformance"": -1.0099999963817737e-07, ""discharge_w"": -193.0, ""charge_w"": -155.0, ""bus_w"": -93.0, ""service"": 0.0, ""service_oversupply"": 0.0, ""terminal_soc"": -0.3703337939241118}",,"{""scheduled_steps"": 30, ""observed_steps"": 30, ""full_duration_hours"": 3.0, ""observed_duration_hours"": 3.0, ""mean_thermal_score_observed"": 0.9711727456437672, ""whole_body_unmet_heat_wh"": 0.0, ""service_floor_shortfall_duration_hours"": 0.0, ""allocation_deficit_duration_hours"": [0.5, 0.7999999999999999, 0.0, 1.3, 1.3, 0.8999999999999999, 1.2, 1.2, null, null, null, null], ""allocation_unmet_heat_wh"": [0.046083659755946194, 0.04609686095651489, 0.0, 7.254263349745117, 1.1313672918587212, 1.131356900309172, 1.3106890752301918, 1.3106851474904846, null, null, null, null], ""electrical_load_energy_wh"": 143.89986182276635, ""pv_available_energy_wh"": 0.0, ""pv_used_energy_wh"": 0.0, ""pv_curtailed_energy_wh"": 0.0, ""discharged_ah"": 13.324061279885768, ""minimum_soc"": 0.5203337939241118, ""observed_end_soc"": 0.5203337939241118, ""terminal_soc"": 0.5203337939241118, ""low_soc_duration_hours"": 0.0, ""peak_load_w"": 107.0, ""equipment_on_duration_hours"": 0.0, ""air_temperature_range_c"": {""minimum"": -11.2, ""maximum"": -8.8}, ""filtered_air_temperature_range_c"": {""minimum"": -11.2, ""maximum"": -8.8}, ""battery_temperature_range_c"": {""minimum"": -7.235268375633497, ""maximum"": 20.0}, ""priority_groups_observed"": [[0.8566179150727525, 0.7630018329113268, 0.8415461392404341], [0.8566179150727525, 0.7630018329113268, 0.8415461392404341], [0.8566179150727525, 0.7630018329113268, 0.8415461392404341], [0.8566179150727525, 0.7630018329113268, 0.8415461392404341], [0.8566179150727525, 0.7630018329113268, 0.8415461392404341], [0.9233810114921733, 0.9310100480794444, 0.9999990000000001], [0.9233810114921733, 0.9310100480794444, 0.9999990000000001], [1.0, 1.0, 1.0], [1.0, 1.0, 1.0], [1.0, 1.0, 1.0], [1.0, 1.0, 1.0], [1.0, 1.0, 1.0], [0.9069674261907866, 0.887668866825682, 0.9790465442930317], [0.9069674261907866, 0.887668866825682, 0.9790465442930317], [1.0, 1.0, 1.0], [1.0, 1.0, 1.0], [1.0, 1.0, 1.0], [1.0, 1.0, 1.0], [1.0, 1.0, 1.0], [0.9069674261907866, 0.887668866825682, 0.9790465442930317], [0.927822546445831, 0.9427411325227286, 0.9999989999999996], [1.0, 1.0, 1.0], [1.0, 1.0, 1.0], [1.0, 1.0, 1.0], [1.0, 1.0, 1.0], [1.0, 1.0, 1.0], [0.9726182487105202, 0.9999990000000001, 0.9999990000000001], [0.9726182487105202, 0.9999990000000001, 0.9999990000000001], [1.0, 1.0, 1.0], [1.0, 1.0, 1.0]], ""priority_audit_seconds"": 0.6781926670810208}",runs/y5_h0_g2.json
5,0,3,whole_body_total_heat_v1,0.6457480899723209,2.25,450.0,policy_failure,failed,"{""C"": false, ""E"": null, ""S"": null, ""R"": null}","{""energy_wh"": 36.0, ""body_power_w"": 337.6692318631293}","{""equipment_unavailable"": 0.0, ""initial_equipment_unavailable"": 0.0}","{""soc_lower"": -0.95, ""soc_upper"": 0.0, ""time_alignment_hours"": -1e-09, ""electrical_balance_wh"": -1e-08, ""battery_temperature_state_c"": 0.0, ""forcing_alignment"": 0.0}",Only 0 of 30 intervals are present; unseen intervals were not imputed.,"{""scheduled_steps"": 30, ""observed_steps"": 0, ""full_duration_hours"": 3.0, ""observed_duration_hours"": 0.0, ""mean_thermal_score_observed"": null, ""whole_body_unmet_heat_wh"": 0.0, ""service_floor_shortfall_duration_hours"": 0.0, ""allocation_deficit_duration_hours"": [0.0, 0.0, 0.0, 0.0, 0.0, 0.0, 0.0, 0.0, null, null, null, null], ""allocation_unmet_heat_wh"": [0.0, 0.0, 0.0, 0.0, 0.0, 0.0, 0.0, 0.0, null, null, null, null], ""electrical_load_energy_wh"": 0.0, ""pv_available_energy_wh"": 0.0, ""pv_used_energy_wh"": 0.0, ""pv_curtailed_energy_wh"": 0.0, ""discharged_ah"": 0.0, ""minimum_soc"": 1.0, ""observed_end_soc"": 1.0, ""terminal_soc"": null, ""low_soc_duration_hours"": 0.0, ""peak_load_w"": null, ""equipment_on_duration_hours"": 0.0, ""air_temperature_range_c"": null, ""filtered_air_temperature_range_c"": null, ""battery_temperature_range_c"": {""minimum"": 20.0, ""maximum"": 20.0}, ""priority_groups_observed"": [], ""priority_audit_seconds"": 0.0}",runs/y5_h0_g3.json
6,0,0,whole_body_total_heat_v1,1.0,3.5,1010.0,feasible,success,"{""C"": true, ""E"": true, ""S"": true, ""R"": true}","{""energy_wh"": 177.0, ""body_power_w"": -65.29319233476953}","{""equipment_unavailable"": 0.0, ""initial_equipment_unavailable"": 0.0}","{""soc_lower"": -0.6413213662919175, ""soc_upper"": 0.0, ""time_alignment_hours"": -1e-09, ""electrical_balance_wh"": -1e-08, ""battery_temperature_state_c"": 0.0, ""forcing_alignment"": 0.0, ""pwm_lower"": -0.0, ""pwm_mask"": -0.34685391078853056, ""equipment_availability"": 0.0, ""pv_lower_w"": -0.0, ""pv_upper_w"": 0.0, ""equipment_hysteresis"": 0.0, ""sensor_filter_state_c"": 0.0, ""priority_conformance"": -1.0099999986022198e-07, ""discharge_w"": -266.5675918325834, ""charge_w"": -185.0, ""bus_w"": -106.56759183258342, ""service"": 0.0, ""service_oversupply"": 0.0, ""terminal_soc"": -0.5413213662919175}",,"{""scheduled_steps"": 30, ""observed_steps"": 30, ""full_duration_hours"": 3.0, ""observed_duration_hours"": 3.0, ""mean_thermal_score_observed"": 1.0, ""whole_body_unmet_heat_wh"": 0.0, ""service_floor_shortfall_duration_hours"": 0.0, ""allocation_deficit_duration_hours"": [0.8999999999999999, 0.8999999999999999, 0.0, 0.0, 0.5, 0.7999999999999999, 0.7, 1.0999999999999999, 0.1, 0.1, 0.0, 0.0], ""allocation_unmet_heat_wh"": [7.4773311979914325e-06, 2.0596198255429245e-05, 0.0, 0.0, 1.5617197562534105e-05, 2.5116296897920164e-05, 9.236559022385295e-06, 1.4216913221876127e-05, 8.881784197001253e-17, 8.881784197001253e-17, 0.0, 0.0], ""electrical_load_energy_wh"": 111.1243081349098, ""pv_available_energy_wh"": 0.0, ""pv_used_energy_wh"": 0.0, ""pv_curtailed_energy_wh"": 0.0, ""discharged_ah"": 10.289287790269425, ""minimum_soc"": 0.6913213662919175, ""observed_end_soc"": 0.6913213662919175, ""terminal_soc"": 0.6913213662919175, ""low_soc_duration_hours"": 0.0, ""peak_load_w"": 93.43240816741658, ""equipment_on_duration_hours"": 0.0, ""air_temperature_range_c"": {""minimum"": -11.2, ""maximum"": -8.8}, ""filtered_air_temperature_range_c"": {""minimum"": -11.2, ""maximum"": -8.8}, ""battery_temperature_range_c"": {""minimum"": -6.139588828044713, ""maximum"": 20.0}, ""priority_groups_observed"": [[0.9999990000000001, 0.999999, 0.999999], [0.9999990000000001, 0.999999, 0.999999], [0.9999990000000001, 0.999999, 0.999999], [0.9999990000000001, 0.999999, 0.999999], [0.9999990000000001, 0.999999, 0.999999], [0.9999990000000001, 0.999999, 0.999999], [0.9999990000000001, 0.999999, 0.999999], [1.0, 1.0, 1.0], [1.0, 1.0, 1.0], [1.0, 1.0, 1.0], [1.0, 1.0, 1.0], [1.0, 1.0, 1.0], [0.9999990000000001, 0.999999, 0.999999], [0.9999990000000001, 0.999999, 0.999999], [1.0, 1.0, 1.0], [1.0, 1.0, 1.0], [1.0, 1.0, 1.0], [1.0, 1.0, 1.0], [1.0, 1.0, 1.0], [0.9999990000000001, 0.999999, 0.999999], [0.9999990000000001, 0.999999, 0.9999989999999999], [1.0, 1.0, 1.0], [1.0, 1.0, 1.0], [1.0, 1.0, 1.0], [1.0, 1.0, 1.0], [1.0, 1.0, 1.0], [0.9999990000000001, 0.999999, 0.999999], [0.9999990000000001, 0.999999, 0.999999], [1.0, 1.0, 1.0], [1.0, 1.0, 1.0]], ""priority_audit_seconds"": 0.7526186248869635}",runs/y6_h0_g0.json
6,0,1,whole_body_total_heat_v1,0.7914577584928468,3.0,810.0,policy_failure,failed,"{""C"": false, ""E"": null, ""S"": null, ""R"": null}","{""energy_wh"": 177.0, ""body_power_w"": 143.82199391049215}","{""equipment_unavailable"": 0.0, ""initial_equipment_unavailable"": 0.0}","{""soc_lower"": -0.95, ""soc_upper"": 0.0, ""time_alignment_hours"": -1e-09, ""electrical_balance_wh"": -1e-08, ""battery_temperature_state_c"": 0.0, ""forcing_alignment"": 0.0}",Only 0 of 30 intervals are present; unseen intervals were not imputed.,"{""scheduled_steps"": 30, ""observed_steps"": 0, ""full_duration_hours"": 3.0, ""observed_duration_hours"": 0.0, ""mean_thermal_score_observed"": null, ""whole_body_unmet_heat_wh"": 0.0, ""service_floor_shortfall_duration_hours"": 0.0, ""allocation_deficit_duration_hours"": [0.0, 0.0, 0.0, 0.0, 0.0, 0.0, 0.0, 0.0, 0.0, 0.0, 0.0, 0.0], ""allocation_unmet_heat_wh"": [0.0, 0.0, 0.0, 0.0, 0.0, 0.0, 0.0, 0.0, 0.0, 0.0, 0.0, 0.0], ""electrical_load_energy_wh"": 0.0, ""pv_available_energy_wh"": 0.0, ""pv_used_energy_wh"": 0.0, ""pv_curtailed_energy_wh"": 0.0, ""discharged_ah"": 0.0, ""minimum_soc"": 1.0, ""observed_end_soc"": 1.0, ""terminal_soc"": null, ""low_soc_duration_hours"": 0.0, ""peak_load_w"": null, ""equipment_on_duration_hours"": 0.0, ""air_temperature_range_c"": null, ""filtered_air_temperature_range_c"": null, ""battery_temperature_range_c"": {""minimum"": 20.0, ""maximum"": 20.0}, ""priority_groups_observed"": [], ""priority_audit_seconds"": 0.0}",runs/y6_h0_g1.json
6,0,2,whole_body_total_heat_v1,0.9711727456437672,2.7,560.0,feasible,success,"{""C"": true, ""E"": true, ""S"": true, ""R"": true}","{""energy_wh"": -21.0, ""body_power_w"": 16.783574370240345}","{""equipment_unavailable"": 0.0, ""initial_equipment_unavailable"": 0.0}","{""soc_lower"": -0.5502781616034269, ""soc_upper"": 0.0, ""time_alignment_hours"": -1e-09, ""electrical_balance_wh"": -1e-08, ""battery_temperature_state_c"": 0.0, ""forcing_alignment"": 0.0, ""pwm_lower"": -0.0, ""pwm_mask"": 0.0, ""equipment_availability"": 0.0, ""pv_lower_w"": -0.0, ""pv_upper_w"": 0.0, ""equipment_hysteresis"": 0.0, ""sensor_filter_state_c"": 0.0, ""priority_conformance"": -1.0099999963817737e-07, ""discharge_w"": -253.0, ""charge_w"": -185.0, ""bus_w"": -93.0, ""service"": 0.0, ""service_oversupply"": 0.0, ""terminal_soc"": -0.45027816160342693}",,"{""scheduled_steps"": 30, ""observed_steps"": 30, ""full_duration_hours"": 3.0, ""observed_duration_hours"": 3.0, ""mean_thermal_score_observed"": 0.9711727456437672, ""whole_body_unmet_heat_wh"": 0.0, ""service_floor_shortfall_duration_hours"": 0.0, ""allocation_deficit_duration_hours"": [0.5, 0.7999999999999999, 0.0, 1.3, 1.3, 0.8999999999999999, 1.2, 1.2, null, null, null, null], ""allocation_unmet_heat_wh"": [0.046083659755946194, 0.04609686095651489, 0.0, 7.254263349745117, 1.1313672918587212, 1.131356900309172, 1.3106890752301918, 1.3106851474904846, null, null, null, null], ""electrical_load_energy_wh"": 143.89986182276635, ""pv_available_energy_wh"": 0.0, ""pv_used_energy_wh"": 0.0, ""pv_curtailed_energy_wh"": 0.0, ""discharged_ah"": 13.324061279885768, ""minimum_soc"": 0.600278161603427, ""observed_end_soc"": 0.600278161603427, ""terminal_soc"": 0.600278161603427, ""low_soc_duration_hours"": 0.0, ""peak_load_w"": 107.0, ""equipment_on_duration_hours"": 0.0, ""air_temperature_range_c"": {""minimum"": -11.2, ""maximum"": -8.8}, ""filtered_air_temperature_range_c"": {""minimum"": -11.2, ""maximum"": -8.8}, ""battery_temperature_range_c"": {""minimum"": -6.139588828044713, ""maximum"": 20.0}, ""priority_groups_observed"": [[0.8566179150727525, 0.7630018329113268, 0.8415461392404341], [0.8566179150727525, 0.7630018329113268, 0.8415461392404341], [0.8566179150727525, 0.7630018329113268, 0.8415461392404341], [0.8566179150727525, 0.7630018329113268, 0.8415461392404341], [0.8566179150727525, 0.7630018329113268, 0.8415461392404341], [0.9233810114921733, 0.9310100480794444, 0.9999990000000001], [0.9233810114921733, 0.9310100480794444, 0.9999990000000001], [1.0, 1.0, 1.0], [1.0, 1.0, 1.0], [1.0, 1.0, 1.0], [1.0, 1.0, 1.0], [1.0, 1.0, 1.0], [0.9069674261907866, 0.887668866825682, 0.9790465442930317], [0.9069674261907866, 0.887668866825682, 0.9790465442930317], [1.0, 1.0, 1.0], [1.0, 1.0, 1.0], [1.0, 1.0, 1.0], [1.0, 1.0, 1.0], [1.0, 1.0, 1.0], [0.9069674261907866, 0.887668866825682, 0.9790465442930317], [0.927822546445831, 0.9427411325227286, 0.9999989999999996], [1.0, 1.0, 1.0], [1.0, 1.0, 1.0], [1.0, 1.0, 1.0], [1.0, 1.0, 1.0], [1.0, 1.0, 1.0], [0.9726182487105202, 0.9999990000000001, 0.9999990000000001], [0.9726182487105202, 0.9999990000000001, 0.9999990000000001], [1.0, 1.0, 1.0], [1.0, 1.0, 1.0]], ""priority_audit_seconds"": 0.6785061688860878}",runs/y6_h0_g2.json
6,0,3,whole_body_total_heat_v1,0.6457480899723209,2.5,460.0,policy_failure,failed,"{""C"": false, ""E"": null, ""S"": null, ""R"": null}","{""energy_wh"": -21.0, ""body_power_w"": 337.6692318631293}","{""equipment_unavailable"": 0.0, ""initial_equipment_unavailable"": 0.0}","{""soc_lower"": -0.95, ""soc_upper"": 0.0, ""time_alignment_hours"": -1e-09, ""electrical_balance_wh"": -1e-08, ""battery_temperature_state_c"": 0.0, ""forcing_alignment"": 0.0}",Only 0 of 30 intervals are present; unseen intervals were not imputed.,"{""scheduled_steps"": 30, ""observed_steps"": 0, ""full_duration_hours"": 3.0, ""observed_duration_hours"": 0.0, ""mean_thermal_score_observed"": null, ""whole_body_unmet_heat_wh"": 0.0, ""service_floor_shortfall_duration_hours"": 0.0, ""allocation_deficit_duration_hours"": [0.0, 0.0, 0.0, 0.0, 0.0, 0.0, 0.0, 0.0, null, null, null, null], ""allocation_unmet_heat_wh"": [0.0, 0.0, 0.0, 0.0, 0.0, 0.0, 0.0, 0.0, null, null, null, null], ""electrical_load_energy_wh"": 0.0, ""pv_available_energy_wh"": 0.0, ""pv_used_energy_wh"": 0.0, ""pv_curtailed_energy_wh"": 0.0, ""discharged_ah"": 0.0, ""minimum_soc"": 1.0, ""observed_end_soc"": 1.0, ""terminal_soc"": null, ""low_soc_duration_hours"": 0.0, ""peak_load_w"": null, ""equipment_on_duration_hours"": 0.0, ""air_temperature_range_c"": null, ""filtered_air_temperature_range_c"": null, ""battery_temperature_range_c"": {""minimum"": 20.0, ""maximum"": 20.0}, ""priority_groups_observed"": [], ""priority_audit_seconds"": 0.0}",runs/y6_h0_g3.json
7,0,0,whole_body_total_heat_v1,1.0,3.75,1020.0,feasible,success,"{""C"": true, ""E"": true, ""S"": true, ""R"": true}","{""energy_wh"": 120.0, ""body_power_w"": -65.29319233476953}","{""equipment_unavailable"": 0.0, ""initial_equipment_unavailable"": 0.0}","{""soc_lower"": -0.6854183139645006, ""soc_upper"": 0.0, ""time_alignment_hours"": -1e-09, ""electrical_balance_wh"": -1e-08, ""battery_temperature_state_c"": 0.0, ""forcing_alignment"": 0.0, ""pwm_lower"": -0.0, ""pwm_mask"": -0.34685391078853056, ""equipment_availability"": 0.0, ""pv_lower_w"": -0.0, ""pv_upper_w"": 0.0, ""equipment_hysteresis"": 0.0, ""sensor_filter_state_c"": 0.0, ""priority_conformance"": -1.0099999986022198e-07, ""discharge_w"": -326.5675918325834, ""charge_w"": -215.0, ""bus_w"": -106.56759183258342, ""service"": 0.0, ""service_oversupply"": 0.0, ""terminal_soc"": -0.5854183139645006}",,"{""scheduled_steps"": 30, ""observed_steps"": 30, ""full_duration_hours"": 3.0, ""observed_duration_hours"": 3.0, ""mean_thermal_score_observed"": 1.0, ""whole_body_unmet_heat_wh"": 0.0, ""service_floor_shortfall_duration_hours"": 0.0, ""allocation_deficit_duration_hours"": [0.8999999999999999, 0.8999999999999999, 0.0, 0.0, 0.5, 0.7999999999999999, 0.7, 1.0999999999999999, 0.1, 0.1, 0.0, 0.0], ""allocation_unmet_heat_wh"": [7.4773311979914325e-06, 2.0596198255429245e-05, 0.0, 0.0, 1.5617197562534105e-05, 2.5116296897920164e-05, 9.236559022385295e-06, 1.4216913221876127e-05, 8.881784197001253e-17, 8.881784197001253e-17, 0.0, 0.0], ""electrical_load_energy_wh"": 111.1243081349098, ""pv_available_energy_wh"": 0.0, ""pv_used_energy_wh"": 0.0, ""pv_curtailed_energy_wh"": 0.0, ""discharged_ah"": 10.289287790269425, ""minimum_soc"": 0.7354183139645006, ""observed_end_soc"": 0.7354183139645006, ""terminal_soc"": 0.7354183139645006, ""low_soc_duration_hours"": 0.0, ""peak_load_w"": 93.43240816741658, ""equipment_on_duration_hours"": 0.0, ""air_temperature_range_c"": {""minimum"": -11.2, ""maximum"": -8.8}, ""filtered_air_temperature_range_c"": {""minimum"": -11.2, ""maximum"": -8.8}, ""battery_temperature_range_c"": {""minimum"": -4.980247312748059, ""maximum"": 20.0}, ""priority_groups_observed"": [[0.9999990000000001, 0.999999, 0.999999], [0.9999990000000001, 0.999999, 0.999999], [0.9999990000000001, 0.999999, 0.999999], [0.9999990000000001, 0.999999, 0.999999], [0.9999990000000001, 0.999999, 0.999999], [0.9999990000000001, 0.999999, 0.999999], [0.9999990000000001, 0.999999, 0.999999], [1.0, 1.0, 1.0], [1.0, 1.0, 1.0], [1.0, 1.0, 1.0], [1.0, 1.0, 1.0], [1.0, 1.0, 1.0], [0.9999990000000001, 0.999999, 0.999999], [0.9999990000000001, 0.999999, 0.999999], [1.0, 1.0, 1.0], [1.0, 1.0, 1.0], [1.0, 1.0, 1.0], [1.0, 1.0, 1.0], [1.0, 1.0, 1.0], [0.9999990000000001, 0.999999, 0.999999], [0.9999990000000001, 0.999999, 0.9999989999999999], [1.0, 1.0, 1.0], [1.0, 1.0, 1.0], [1.0, 1.0, 1.0], [1.0, 1.0, 1.0], [1.0, 1.0, 1.0], [0.9999990000000001, 0.999999, 0.999999], [0.9999990000000001, 0.999999, 0.999999], [1.0, 1.0, 1.0], [1.0, 1.0, 1.0]], ""priority_audit_seconds"": 0.7617955429595895}",runs/y7_h0_g0.json
7,0,1,whole_body_total_heat_v1,0.7914577584928468,3.25,820.0,policy_failure,failed,"{""C"": false, ""E"": null, ""S"": null, ""R"": null}","{""energy_wh"": 120.0, ""body_power_w"": 143.82199391049215}","{""equipment_unavailable"": 0.0, ""initial_equipment_unavailable"": 0.0}","{""soc_lower"": -0.95, ""soc_upper"": 0.0, ""time_alignment_hours"": -1e-09, ""electrical_balance_wh"": -1e-08, ""battery_temperature_state_c"": 0.0, ""forcing_alignment"": 0.0}",Only 0 of 30 intervals are present; unseen intervals were not imputed.,"{""scheduled_steps"": 30, ""observed_steps"": 0, ""full_duration_hours"": 3.0, ""observed_duration_hours"": 0.0, ""mean_thermal_score_observed"": null, ""whole_body_unmet_heat_wh"": 0.0, ""service_floor_shortfall_duration_hours"": 0.0, ""allocation_deficit_duration_hours"": [0.0, 0.0, 0.0, 0.0, 0.0, 0.0, 0.0, 0.0, 0.0, 0.0, 0.0, 0.0], ""allocation_unmet_heat_wh"": [0.0, 0.0, 0.0, 0.0, 0.0, 0.0, 0.0, 0.0, 0.0, 0.0, 0.0, 0.0], ""electrical_load_energy_wh"": 0.0, ""pv_available_energy_wh"": 0.0, ""pv_used_energy_wh"": 0.0, ""pv_curtailed_energy_wh"": 0.0, ""discharged_ah"": 0.0, ""minimum_soc"": 1.0, ""observed_end_soc"": 1.0, ""terminal_soc"": null, ""low_soc_duration_hours"": 0.0, ""peak_load_w"": null, ""equipment_on_duration_hours"": 0.0, ""air_temperature_range_c"": null, ""filtered_air_temperature_range_c"": null, ""battery_temperature_range_c"": {""minimum"": 20.0, ""maximum"": 20.0}, ""priority_groups_observed"": [], ""priority_audit_seconds"": 0.0}",runs/y7_h0_g1.json
7,0,2,whole_body_total_heat_v1,0.9711727456437672,2.95,570.0,feasible,success,"{""C"": true, ""E"": true, ""S"": true, ""R"": true}","{""energy_wh"": -78.0, ""body_power_w"": 16.783574370240345}","{""equipment_unavailable"": 0.0, ""initial_equipment_unavailable"": 0.0}","{""soc_lower"": -0.6073812813743663, ""soc_upper"": 0.0, ""time_alignment_hours"": -1e-09, ""electrical_balance_wh"": -1e-08, ""battery_temperature_state_c"": 0.0, ""forcing_alignment"": 0.0, ""pwm_lower"": -0.0, ""pwm_mask"": 0.0, ""equipment_availability"": 0.0, ""pv_lower_w"": -0.0, ""pv_upper_w"": 0.0, ""equipment_hysteresis"": 0.0, ""sensor_filter_state_c"": 0.0, ""priority_conformance"": -1.0099999963817737e-07, ""discharge_w"": -313.0, ""charge_w"": -215.0, ""bus_w"": -93.0, ""service"": 0.0, ""service_oversupply"": 0.0, ""terminal_soc"": -0.5073812813743663}",,"{""scheduled_steps"": 30, ""observed_steps"": 30, ""full_duration_hours"": 3.0, ""observed_duration_hours"": 3.0, ""mean_thermal_score_observed"": 0.9711727456437672, ""whole_body_unmet_heat_wh"": 0.0, ""service_floor_shortfall_duration_hours"": 0.0, ""allocation_deficit_duration_hours"": [0.5, 0.7999999999999999, 0.0, 1.3, 1.3, 0.8999999999999999, 1.2, 1.2, null, null, null, null], ""allocation_unmet_heat_wh"": [0.046083659755946194, 0.04609686095651489, 0.0, 7.254263349745117, 1.1313672918587212, 1.131356900309172, 1.3106890752301918, 1.3106851474904846, null, null, null, null], ""electrical_load_energy_wh"": 143.89986182276635, ""pv_available_energy_wh"": 0.0, ""pv_used_energy_wh"": 0.0, ""pv_curtailed_energy_wh"": 0.0, ""discharged_ah"": 13.324061279885768, ""minimum_soc"": 0.6573812813743664, ""observed_end_soc"": 0.6573812813743664, ""terminal_soc"": 0.6573812813743664, ""low_soc_duration_hours"": 0.0, ""peak_load_w"": 107.0, ""equipment_on_duration_hours"": 0.0, ""air_temperature_range_c"": {""minimum"": -11.2, ""maximum"": -8.8}, ""filtered_air_temperature_range_c"": {""minimum"": -11.2, ""maximum"": -8.8}, ""battery_temperature_range_c"": {""minimum"": -4.980247312748059, ""maximum"": 20.0}, ""priority_groups_observed"": [[0.8566179150727525, 0.7630018329113268, 0.8415461392404341], [0.8566179150727525, 0.7630018329113268, 0.8415461392404341], [0.8566179150727525, 0.7630018329113268, 0.8415461392404341], [0.8566179150727525, 0.7630018329113268, 0.8415461392404341], [0.8566179150727525, 0.7630018329113268, 0.8415461392404341], [0.9233810114921733, 0.9310100480794444, 0.9999990000000001], [0.9233810114921733, 0.9310100480794444, 0.9999990000000001], [1.0, 1.0, 1.0], [1.0, 1.0, 1.0], [1.0, 1.0, 1.0], [1.0, 1.0, 1.0], [1.0, 1.0, 1.0], [0.9069674261907866, 0.887668866825682, 0.9790465442930317], [0.9069674261907866, 0.887668866825682, 0.9790465442930317], [1.0, 1.0, 1.0], [1.0, 1.0, 1.0], [1.0, 1.0, 1.0], [1.0, 1.0, 1.0], [1.0, 1.0, 1.0], [0.9069674261907866, 0.887668866825682, 0.9790465442930317], [0.927822546445831, 0.9427411325227286, 0.9999989999999996], [1.0, 1.0, 1.0], [1.0, 1.0, 1.0], [1.0, 1.0, 1.0], [1.0, 1.0, 1.0], [1.0, 1.0, 1.0], [0.9726182487105202, 0.9999990000000001, 0.9999990000000001], [0.9726182487105202, 0.9999990000000001, 0.9999990000000001], [1.0, 1.0, 1.0], [1.0, 1.0, 1.0]], ""priority_audit_seconds"": 0.6692297929548658}",runs/y7_h0_g2.json
7,0,3,whole_body_total_heat_v1,0.6457480899723209,2.75,470.0,policy_failure,failed,"{""C"": false, ""E"": null, ""S"": null, ""R"": null}","{""energy_wh"": -78.0, ""body_power_w"": 337.6692318631293}","{""equipment_unavailable"": 0.0, ""initial_equipment_unavailable"": 0.0}","{""soc_lower"": -0.95, ""soc_upper"": 0.0, ""time_alignment_hours"": -1e-09, ""electrical_balance_wh"": -1e-08, ""battery_temperature_state_c"": 0.0, ""forcing_alignment"": 0.0}",Only 0 of 30 intervals are present; unseen intervals were not imputed.,"{""scheduled_steps"": 30, ""observed_steps"": 0, ""full_duration_hours"": 3.0, ""observed_duration_hours"": 0.0, ""mean_thermal_score_observed"": null, ""whole_body_unmet_heat_wh"": 0.0, ""service_floor_shortfall_duration_hours"": 0.0, ""allocation_deficit_duration_hours"": [0.0, 0.0, 0.0, 0.0, 0.0, 0.0, 0.0, 0.0, null, null, null, null], ""allocation_unmet_heat_wh"": [0.0, 0.0, 0.0, 0.0, 0.0, 0.0, 0.0, 0.0, null, null, null, null], ""electrical_load_energy_wh"": 0.0, ""pv_available_energy_wh"": 0.0, ""pv_used_energy_wh"": 0.0, ""pv_curtailed_energy_wh"": 0.0, ""discharged_ah"": 0.0, ""minimum_soc"": 1.0, ""observed_end_soc"": 1.0, ""terminal_soc"": null, ""low_soc_duration_hours"": 0.0, ""peak_load_w"": null, ""equipment_on_duration_hours"": 0.0, ""air_temperature_range_c"": null, ""filtered_air_temperature_range_c"": null, ""battery_temperature_range_c"": {""minimum"": 20.0, ""maximum"": 20.0}, ""priority_groups_observed"": [], ""priority_audit_seconds"": 0.0}",runs/y7_h0_g3.json
8,0,0,whole_body_total_heat_v1,1.0,4.0,1030.0,feasible,success,"{""C"": true, ""E"": true, ""S"": true, ""R"": true}","{""energy_wh"": 63.0, ""body_power_w"": -65.29319233476953}","{""equipment_unavailable"": 0.0, ""initial_equipment_unavailable"": 0.0}","{""soc_lower"": -0.7184910247189371, ""soc_upper"": 0.0, ""time_alignment_hours"": -1e-09, ""electrical_balance_wh"": -1e-08, ""battery_temperature_state_c"": 0.0, ""forcing_alignment"": 0.0, ""pwm_lower"": -0.0, ""pwm_mask"": -0.34685391078853056, ""equipment_availability"": 0.0, ""pv_lower_w"": -0.0, ""pv_upper_w"": 0.0, ""equipment_hysteresis"": 0.0, ""sensor_filter_state_c"": 0.0, ""priority_conformance"": -1.0099999986022198e-07, ""discharge_w"": -386.5675918325834, ""charge_w"": -245.0, ""bus_w"": -106.56759183258342, ""service"": 0.0, ""service_oversupply"": 0.0, ""terminal_soc"": -0.6184910247189371}",,"{""scheduled_steps"": 30, ""observed_steps"": 30, ""full_duration_hours"": 3.0, ""observed_duration_hours"": 3.0, ""mean_thermal_score_observed"": 1.0, ""whole_body_unmet_heat_wh"": 0.0, ""service_floor_shortfall_duration_hours"": 0.0, ""allocation_deficit_duration_hours"": [0.8999999999999999, 0.8999999999999999, 0.0, 0.0, 0.5, 0.7999999999999999, 0.7, 1.0999999999999999, 0.1, 0.1, 0.0, 0.0], ""allocation_unmet_heat_wh"": [7.4773311979914325e-06, 2.0596198255429245e-05, 0.0, 0.0, 1.5617197562534105e-05, 2.5116296897920164e-05, 9.236559022385295e-06, 1.4216913221876127e-05, 8.881784197001253e-17, 8.881784197001253e-17, 0.0, 0.0], ""electrical_load_energy_wh"": 111.1243081349098, ""pv_available_energy_wh"": 0.0, ""pv_used_energy_wh"": 0.0, ""pv_curtailed_energy_wh"": 0.0, ""discharged_ah"": 10.289287790269425, ""minimum_soc"": 0.7684910247189372, ""observed_end_soc"": 0.7684910247189372, ""terminal_soc"": 0.7684910247189372, ""low_soc_duration_hours"": 0.0, ""peak_load_w"": 93.43240816741658, ""equipment_on_duration_hours"": 0.0, ""air_temperature_range_c"": {""minimum"": -11.2, ""maximum"": -8.8}, ""filtered_air_temperature_range_c"": {""minimum"": -11.2, ""maximum"": -8.8}, ""battery_temperature_range_c"": {""minimum"": -3.824361812085648, ""maximum"": 20.0}, ""priority_groups_observed"": [[0.9999990000000001, 0.999999, 0.999999], [0.9999990000000001, 0.999999, 0.999999], [0.9999990000000001, 0.999999, 0.999999], [0.9999990000000001, 0.999999, 0.999999], [0.9999990000000001, 0.999999, 0.999999], [0.9999990000000001, 0.999999, 0.999999], [0.9999990000000001, 0.999999, 0.999999], [1.0, 1.0, 1.0], [1.0, 1.0, 1.0], [1.0, 1.0, 1.0], [1.0, 1.0, 1.0], [1.0, 1.0, 1.0], [0.9999990000000001, 0.999999, 0.999999], [0.9999990000000001, 0.999999, 0.999999], [1.0, 1.0, 1.0], [1.0, 1.0, 1.0], [1.0, 1.0, 1.0], [1.0, 1.0, 1.0], [1.0, 1.0, 1.0], [0.9999990000000001, 0.999999, 0.999999], [0.9999990000000001, 0.999999, 0.9999989999999999], [1.0, 1.0, 1.0], [1.0, 1.0, 1.0], [1.0, 1.0, 1.0], [1.0, 1.0, 1.0], [1.0, 1.0, 1.0], [0.9999990000000001, 0.999999, 0.999999], [0.9999990000000001, 0.999999, 0.999999], [1.0, 1.0, 1.0], [1.0, 1.0, 1.0]], ""priority_audit_seconds"": 0.8035822490346618}",runs/y8_h0_g0.json
8,0,1,whole_body_total_heat_v1,0.7914577584928468,3.5,830.0,policy_failure,failed,"{""C"": false, ""E"": null, ""S"": null, ""R"": null}","{""energy_wh"": 63.0, ""body_power_w"": 143.82199391049215}","{""equipment_unavailable"": 0.0, ""initial_equipment_unavailable"": 0.0}","{""soc_lower"": -0.95, ""soc_upper"": 0.0, ""time_alignment_hours"": -1e-09, ""electrical_balance_wh"": -1e-08, ""battery_temperature_state_c"": 0.0, ""forcing_alignment"": 0.0}",Only 0 of 30 intervals are present; unseen intervals were not imputed.,"{""scheduled_steps"": 30, ""observed_steps"": 0, ""full_duration_hours"": 3.0, ""observed_duration_hours"": 0.0, ""mean_thermal_score_observed"": null, ""whole_body_unmet_heat_wh"": 0.0, ""service_floor_shortfall_duration_hours"": 0.0, ""allocation_deficit_duration_hours"": [0.0, 0.0, 0.0, 0.0, 0.0, 0.0, 0.0, 0.0, 0.0, 0.0, 0.0, 0.0], ""allocation_unmet_heat_wh"": [0.0, 0.0, 0.0, 0.0, 0.0, 0.0, 0.0, 0.0, 0.0, 0.0, 0.0, 0.0], ""electrical_load_energy_wh"": 0.0, ""pv_available_energy_wh"": 0.0, ""pv_used_energy_wh"": 0.0, ""pv_curtailed_energy_wh"": 0.0, ""discharged_ah"": 0.0, ""minimum_soc"": 1.0, ""observed_end_soc"": 1.0, ""terminal_soc"": null, ""low_soc_duration_hours"": 0.0, ""peak_load_w"": null, ""equipment_on_duration_hours"": 0.0, ""air_temperature_range_c"": null, ""filtered_air_temperature_range_c"": null, ""battery_temperature_range_c"": {""minimum"": 20.0, ""maximum"": 20.0}, ""priority_groups_observed"": [], ""priority_audit_seconds"": 0.0}",runs/y8_h0_g1.json
8,0,2,whole_body_total_heat_v1,0.9711727456437672,3.2,580.0,feasible,success,"{""C"": true, ""E"": true, ""S"": true, ""R"": true}","{""energy_wh"": -135.0, ""body_power_w"": 16.783574370240345}","{""equipment_unavailable"": 0.0, ""initial_equipment_unavailable"": 0.0}","{""soc_lower"": -0.6502086212025688, ""soc_upper"": 0.0, ""time_alignment_hours"": -1e-09, ""electrical_balance_wh"": -1e-08, ""battery_temperature_state_c"": 0.0, ""forcing_alignment"": 0.0, ""pwm_lower"": -0.0, ""pwm_mask"": 0.0, ""equipment_availability"": 0.0, ""pv_lower_w"": -0.0, ""pv_upper_w"": 0.0, ""equipment_hysteresis"": 0.0, ""sensor_filter_state_c"": 0.0, ""priority_conformance"": -1.0099999963817737e-07, ""discharge_w"": -373.0, ""charge_w"": -245.0, ""bus_w"": -93.0, ""service"": 0.0, ""service_oversupply"": 0.0, ""terminal_soc"": -0.5502086212025689}",,"{""scheduled_steps"": 30, ""observed_steps"": 30, ""full_duration_hours"": 3.0, ""observed_duration_hours"": 3.0, ""mean_thermal_score_observed"": 0.9711727456437672, ""whole_body_unmet_heat_wh"": 0.0, ""service_floor_shortfall_duration_hours"": 0.0, ""allocation_deficit_duration_hours"": [0.5, 0.7999999999999999, 0.0, 1.3, 1.3, 0.8999999999999999, 1.2, 1.2, null, null, null, null], ""allocation_unmet_heat_wh"": [0.046083659755946194, 0.04609686095651489, 0.0, 7.254263349745117, 1.1313672918587212, 1.131356900309172, 1.3106890752301918, 1.3106851474904846, null, null, null, null], ""electrical_load_energy_wh"": 143.89986182276635, ""pv_available_energy_wh"": 0.0, ""pv_used_energy_wh"": 0.0, ""pv_curtailed_energy_wh"": 0.0, ""discharged_ah"": 13.324061279885768, ""minimum_soc"": 0.7002086212025689, ""observed_end_soc"": 0.7002086212025689, ""terminal_soc"": 0.7002086212025689, ""low_soc_duration_hours"": 0.0, ""peak_load_w"": 107.0, ""equipment_on_duration_hours"": 0.0, ""air_temperature_range_c"": {""minimum"": -11.2, ""maximum"": -8.8}, ""filtered_air_temperature_range_c"": {""minimum"": -11.2, ""maximum"": -8.8}, ""battery_temperature_range_c"": {""minimum"": -3.824361812085648, ""maximum"": 20.0}, ""priority_groups_observed"": [[0.8566179150727525, 0.7630018329113268, 0.8415461392404341], [0.8566179150727525, 0.7630018329113268, 0.8415461392404341], [0.8566179150727525, 0.7630018329113268, 0.8415461392404341], [0.8566179150727525, 0.7630018329113268, 0.8415461392404341], [0.8566179150727525, 0.7630018329113268, 0.8415461392404341], [0.9233810114921733, 0.9310100480794444, 0.9999990000000001], [0.9233810114921733, 0.9310100480794444, 0.9999990000000001], [1.0, 1.0, 1.0], [1.0, 1.0, 1.0], [1.0, 1.0, 1.0], [1.0, 1.0, 1.0], [1.0, 1.0, 1.0], [0.9069674261907866, 0.887668866825682, 0.9790465442930317], [0.9069674261907866, 0.887668866825682, 0.9790465442930317], [1.0, 1.0, 1.0], [1.0, 1.0, 1.0], [1.0, 1.0, 1.0], [1.0, 1.0, 1.0], [1.0, 1.0, 1.0], [0.9069674261907866, 0.887668866825682, 0.9790465442930317], [0.927822546445831, 0.9427411325227286, 0.9999989999999996], [1.0, 1.0, 1.0], [1.0, 1.0, 1.0], [1.0, 1.0, 1.0], [1.0, 1.0, 1.0], [1.0, 1.0, 1.0], [0.9726182487105202, 0.9999990000000001, 0.9999990000000001], [0.9726182487105202, 0.9999990000000001, 0.9999990000000001], [1.0, 1.0, 1.0], [1.0, 1.0, 1.0]], ""priority_audit_seconds"": 0.6957469149492681}",runs/y8_h0_g2.json
8,0,3,whole_body_total_heat_v1,0.6457480899723209,3.0,480.0,policy_failure,failed,"{""C"": false, ""E"": null, ""S"": null, ""R"": null}","{""energy_wh"": -135.0, ""body_power_w"": 337.6692318631293}","{""equipment_unavailable"": 0.0, ""initial_equipment_unavailable"": 0.0}","{""soc_lower"": -0.95, ""soc_upper"": 0.0, ""time_alignment_hours"": -1e-09, ""electrical_balance_wh"": -1e-08, ""battery_temperature_state_c"": 0.0, ""forcing_alignment"": 0.0}",Only 0 of 30 intervals are present; unseen intervals were not imputed.,"{""scheduled_steps"": 30, ""observed_steps"": 0, ""full_duration_hours"": 3.0, ""observed_duration_hours"": 0.0, ""mean_thermal_score_observed"": null, ""whole_body_unmet_heat_wh"": 0.0, ""service_floor_shortfall_duration_hours"": 0.0, ""allocation_deficit_duration_hours"": [0.0, 0.0, 0.0, 0.0, 0.0, 0.0, 0.0, 0.0, null, null, null, null], ""allocation_unmet_heat_wh"": [0.0, 0.0, 0.0, 0.0, 0.0, 0.0, 0.0, 0.0, null, null, null, null], ""electrical_load_energy_wh"": 0.0, ""pv_available_energy_wh"": 0.0, ""pv_used_energy_wh"": 0.0, ""pv_curtailed_energy_wh"": 0.0, ""discharged_ah"": 0.0, ""minimum_soc"": 1.0, ""observed_end_soc"": 1.0, ""terminal_soc"": null, ""low_soc_duration_hours"": 0.0, ""peak_load_w"": null, ""equipment_on_duration_hours"": 0.0, ""air_temperature_range_c"": null, ""filtered_air_temperature_range_c"": null, ""battery_temperature_range_c"": {""minimum"": 20.0, ""maximum"": 20.0}, ""priority_groups_observed"": [], ""priority_audit_seconds"": 0.0}",runs/y8_h0_g3.json
9,0,0,whole_body_total_heat_v1,1.0,4.25,1040.0,feasible,success,"{""C"": true, ""E"": true, ""S"": true, ""R"": true}","{""energy_wh"": 6.0, ""body_power_w"": -65.29319233476953}","{""equipment_unavailable"": 0.0, ""initial_equipment_unavailable"": 0.0}","{""soc_lower"": -0.7442142441946117, ""soc_upper"": 0.0, ""time_alignment_hours"": -1e-09, ""electrical_balance_wh"": -1e-08, ""battery_temperature_state_c"": 0.0, ""forcing_alignment"": 0.0, ""pwm_lower"": -0.0, ""pwm_mask"": -0.34685391078853056, ""equipment_availability"": 0.0, ""pv_lower_w"": -0.0, ""pv_upper_w"": 0.0, ""equipment_hysteresis"": 0.0, ""sensor_filter_state_c"": 0.0, ""priority_conformance"": -1.0099999986022198e-07, ""discharge_w"": -446.5675918325834, ""charge_w"": -275.0, ""bus_w"": -106.56759183258342, ""service"": 0.0, ""service_oversupply"": 0.0, ""terminal_soc"": -0.6442142441946117}",,"{""scheduled_steps"": 30, ""observed_steps"": 30, ""full_duration_hours"": 3.0, ""observed_duration_hours"": 3.0, ""mean_thermal_score_observed"": 1.0, ""whole_body_unmet_heat_wh"": 0.0, ""service_floor_shortfall_duration_hours"": 0.0, ""allocation_deficit_duration_hours"": [0.8999999999999999, 0.8999999999999999, 0.0, 0.0, 0.5, 0.7999999999999999, 0.7, 1.0999999999999999, 0.1, 0.1, 0.0, 0.0], ""allocation_unmet_heat_wh"": [7.4773311979914325e-06, 2.0596198255429245e-05, 0.0, 0.0, 1.5617197562534105e-05, 2.5116296897920164e-05, 9.236559022385295e-06, 1.4216913221876127e-05, 8.881784197001253e-17, 8.881784197001253e-17, 0.0, 0.0], ""electrical_load_energy_wh"": 111.1243081349098, ""pv_available_energy_wh"": 0.0, ""pv_used_energy_wh"": 0.0, ""pv_curtailed_energy_wh"": 0.0, ""discharged_ah"": 10.289287790269425, ""minimum_soc"": 0.7942142441946117, ""observed_end_soc"": 0.7942142441946117, ""terminal_soc"": 0.7942142441946117, ""low_soc_duration_hours"": 0.0, ""peak_load_w"": 93.43240816741658, ""equipment_on_duration_hours"": 0.0, ""air_temperature_range_c"": {""minimum"": -11.2, ""maximum"": -8.8}, ""filtered_air_temperature_range_c"": {""minimum"": -11.2, ""maximum"": -8.8}, ""battery_temperature_range_c"": {""minimum"": -2.7085839568964145, ""maximum"": 20.0}, ""priority_groups_observed"": [[0.9999990000000001, 0.999999, 0.999999], [0.9999990000000001, 0.999999, 0.999999], [0.9999990000000001, 0.999999, 0.999999], [0.9999990000000001, 0.999999, 0.999999], [0.9999990000000001, 0.999999, 0.999999], [0.9999990000000001, 0.999999, 0.999999], [0.9999990000000001, 0.999999, 0.999999], [1.0, 1.0, 1.0], [1.0, 1.0, 1.0], [1.0, 1.0, 1.0], [1.0, 1.0, 1.0], [1.0, 1.0, 1.0], [0.9999990000000001, 0.999999, 0.999999], [0.9999990000000001, 0.999999, 0.999999], [1.0, 1.0, 1.0], [1.0, 1.0, 1.0], [1.0, 1.0, 1.0], [1.0, 1.0, 1.0], [1.0, 1.0, 1.0], [0.9999990000000001, 0.999999, 0.999999], [0.9999990000000001, 0.999999, 0.9999989999999999], [1.0, 1.0, 1.0], [1.0, 1.0, 1.0], [1.0, 1.0, 1.0], [1.0, 1.0, 1.0], [1.0, 1.0, 1.0], [0.9999990000000001, 0.999999, 0.999999], [0.9999990000000001, 0.999999, 0.999999], [1.0, 1.0, 1.0], [1.0, 1.0, 1.0]], ""priority_audit_seconds"": 0.8585956689785235}",runs/y9_h0_g0.json
9,0,1,whole_body_total_heat_v1,0.7914577584928468,3.75,840.0,policy_failure,failed,"{""C"": false, ""E"": null, ""S"": null, ""R"": null}","{""energy_wh"": 6.0, ""body_power_w"": 143.82199391049215}","{""equipment_unavailable"": 0.0, ""initial_equipment_unavailable"": 0.0}","{""soc_lower"": -0.95, ""soc_upper"": 0.0, ""time_alignment_hours"": -1e-09, ""electrical_balance_wh"": -1e-08, ""battery_temperature_state_c"": 0.0, ""forcing_alignment"": 0.0}",Only 0 of 30 intervals are present; unseen intervals were not imputed.,"{""scheduled_steps"": 30, ""observed_steps"": 0, ""full_duration_hours"": 3.0, ""observed_duration_hours"": 0.0, ""mean_thermal_score_observed"": null, ""whole_body_unmet_heat_wh"": 0.0, ""service_floor_shortfall_duration_hours"": 0.0, ""allocation_deficit_duration_hours"": [0.0, 0.0, 0.0, 0.0, 0.0, 0.0, 0.0, 0.0, 0.0, 0.0, 0.0, 0.0], ""allocation_unmet_heat_wh"": [0.0, 0.0, 0.0, 0.0, 0.0, 0.0, 0.0, 0.0, 0.0, 0.0, 0.0, 0.0], ""electrical_load_energy_wh"": 0.0, ""pv_available_energy_wh"": 0.0, ""pv_used_energy_wh"": 0.0, ""pv_curtailed_energy_wh"": 0.0, ""discharged_ah"": 0.0, ""minimum_soc"": 1.0, ""observed_end_soc"": 1.0, ""terminal_soc"": null, ""low_soc_duration_hours"": 0.0, ""peak_load_w"": null, ""equipment_on_duration_hours"": 0.0, ""air_temperature_range_c"": null, ""filtered_air_temperature_range_c"": null, ""battery_temperature_range_c"": {""minimum"": 20.0, ""maximum"": 20.0}, ""priority_groups_observed"": [], ""priority_audit_seconds"": 0.0}",runs/y9_h0_g1.json
9,0,2,whole_body_total_heat_v1,0.9711727456437672,3.45,590.0,feasible,success,"{""C"": true, ""E"": true, ""S"": true, ""R"": true}","{""energy_wh"": -192.0, ""body_power_w"": 16.783574370240345}","{""equipment_unavailable"": 0.0, ""initial_equipment_unavailable"": 0.0}","{""soc_lower"": -0.6835187744022851, ""soc_upper"": 0.0, ""time_alignment_hours"": -1e-09, ""electrical_balance_wh"": -1e-08, ""battery_temperature_state_c"": 0.0, ""forcing_alignment"": 0.0, ""pwm_lower"": -0.0, ""pwm_mask"": 0.0, ""equipment_availability"": 0.0, ""pv_lower_w"": -0.0, ""pv_upper_w"": 0.0, ""equipment_hysteresis"": 0.0, ""sensor_filter_state_c"": 0.0, ""priority_conformance"": -1.0099999963817737e-07, ""discharge_w"": -433.0, ""charge_w"": -275.0, ""bus_w"": -93.0, ""service"": 0.0, ""service_oversupply"": 0.0, ""terminal_soc"": -0.5835187744022852}",,"{""scheduled_steps"": 30, ""observed_steps"": 30, ""full_duration_hours"": 3.0, ""observed_duration_hours"": 3.0, ""mean_thermal_score_observed"": 0.9711727456437672, ""whole_body_unmet_heat_wh"": 0.0, ""service_floor_shortfall_duration_hours"": 0.0, ""allocation_deficit_duration_hours"": [0.5, 0.7999999999999999, 0.0, 1.3, 1.3, 0.8999999999999999, 1.2, 1.2, null, null, null, null], ""allocation_unmet_heat_wh"": [0.046083659755946194, 0.04609686095651489, 0.0, 7.254263349745117, 1.1313672918587212, 1.131356900309172, 1.3106890752301918, 1.3106851474904846, null, null, null, null], ""electrical_load_energy_wh"": 143.89986182276635, ""pv_available_energy_wh"": 0.0, ""pv_used_energy_wh"": 0.0, ""pv_curtailed_energy_wh"": 0.0, ""discharged_ah"": 13.324061279885768, ""minimum_soc"": 0.7335187744022852, ""observed_end_soc"": 0.7335187744022852, ""terminal_soc"": 0.7335187744022852, ""low_soc_duration_hours"": 0.0, ""peak_load_w"": 107.0, ""equipment_on_duration_hours"": 0.0, ""air_temperature_range_c"": {""minimum"": -11.2, ""maximum"": -8.8}, ""filtered_air_temperature_range_c"": {""minimum"": -11.2, ""maximum"": -8.8}, ""battery_temperature_range_c"": {""minimum"": -2.7085839568964145, ""maximum"": 20.0}, ""priority_groups_observed"": [[0.8566179150727525, 0.7630018329113268, 0.8415461392404341], [0.8566179150727525, 0.7630018329113268, 0.8415461392404341], [0.8566179150727525, 0.7630018329113268, 0.8415461392404341], [0.8566179150727525, 0.7630018329113268, 0.8415461392404341], [0.8566179150727525, 0.7630018329113268, 0.8415461392404341], [0.9233810114921733, 0.9310100480794444, 0.9999990000000001], [0.9233810114921733, 0.9310100480794444, 0.9999990000000001], [1.0, 1.0, 1.0], [1.0, 1.0, 1.0], [1.0, 1.0, 1.0], [1.0, 1.0, 1.0], [1.0, 1.0, 1.0], [0.9069674261907866, 0.887668866825682, 0.9790465442930317], [0.9069674261907866, 0.887668866825682, 0.9790465442930317], [1.0, 1.0, 1.0], [1.0, 1.0, 1.0], [1.0, 1.0, 1.0], [1.0, 1.0, 1.0], [1.0, 1.0, 1.0], [0.9069674261907866, 0.887668866825682, 0.9790465442930317], [0.927822546445831, 0.9427411325227286, 0.9999989999999996], [1.0, 1.0, 1.0], [1.0, 1.0, 1.0], [1.0, 1.0, 1.0], [1.0, 1.0, 1.0], [1.0, 1.0, 1.0], [0.9726182487105202, 0.9999990000000001, 0.9999990000000001], [0.9726182487105202, 0.9999990000000001, 0.9999990000000001], [1.0, 1.0, 1.0], [1.0, 1.0, 1.0]], ""priority_audit_seconds"": 0.7008529130835086}",runs/y9_h0_g2.json
9,0,3,whole_body_total_heat_v1,0.6457480899723209,3.25,490.0,policy_failure,failed,"{""C"": false, ""E"": null, ""S"": null, ""R"": null}","{""energy_wh"": -192.0, ""body_power_w"": 337.6692318631293}","{""equipment_unavailable"": 0.0, ""initial_equipment_unavailable"": 0.0}","{""soc_lower"": -0.95, ""soc_upper"": 0.0, ""time_alignment_hours"": -1e-09, ""electrical_balance_wh"": -1e-08, ""battery_temperature_state_c"": 0.0, ""forcing_alignment"": 0.0}",Only 0 of 30 intervals are present; unseen intervals were not imputed.,"{""scheduled_steps"": 30, ""observed_steps"": 0, ""full_duration_hours"": 3.0, ""observed_duration_hours"": 0.0, ""mean_thermal_score_observed"": null, ""whole_body_unmet_heat_wh"": 0.0, ""service_floor_shortfall_duration_hours"": 0.0, ""allocation_deficit_duration_hours"": [0.0, 0.0, 0.0, 0.0, 0.0, 0.0, 0.0, 0.0, null, null, null, null], ""allocation_unmet_heat_wh"": [0.0, 0.0, 0.0, 0.0, 0.0, 0.0, 0.0, 0.0, null, null, null, null], ""electrical_load_energy_wh"": 0.0, ""pv_available_energy_wh"": 0.0, ""pv_used_energy_wh"": 0.0, ""pv_curtailed_energy_wh"": 0.0, ""discharged_ah"": 0.0, ""minimum_soc"": 1.0, ""observed_end_soc"": 1.0, ""terminal_soc"": null, ""low_soc_duration_hours"": 0.0, ""peak_load_w"": null, ""equipment_on_duration_hours"": 0.0, ""air_temperature_range_c"": null, ""filtered_air_temperature_range_c"": null, ""battery_temperature_range_c"": {""minimum"": 20.0, ""maximum"": 20.0}, ""priority_groups_observed"": [], ""priority_audit_seconds"": 0.0}",runs/y9_h0_g3.json
10,0,0,whole_body_total_heat_v1,1.0,4.5,1050.0,feasible,success,"{""C"": true, ""E"": true, ""S"": true, ""R"": true}","{""energy_wh"": -51.0, ""body_power_w"": -65.29319233476953}","{""equipment_unavailable"": 0.0, ""initial_equipment_unavailable"": 0.0}","{""soc_lower"": -0.7647928197751499, ""soc_upper"": 0.0, ""time_alignment_hours"": -1e-09, ""electrical_balance_wh"": -1e-08, ""battery_temperature_state_c"": 0.0, ""forcing_alignment"": 0.0, ""pwm_lower"": -0.0, ""pwm_mask"": -0.34685391078853056, ""equipment_availability"": 0.0, ""pv_lower_w"": -0.0, ""pv_upper_w"": 0.0, ""equipment_hysteresis"": 0.0, ""sensor_filter_state_c"": 0.0, ""priority_conformance"": -1.0099999986022198e-07, ""discharge_w"": -506.5675918325834, ""charge_w"": -305.0, ""bus_w"": -106.56759183258342, ""service"": 0.0, ""service_oversupply"": 0.0, ""terminal_soc"": -0.6647928197751499}",,"{""scheduled_steps"": 30, ""observed_steps"": 30, ""full_duration_hours"": 3.0, ""observed_duration_hours"": 3.0, ""mean_thermal_score_observed"": 1.0, ""whole_body_unmet_heat_wh"": 0.0, ""service_floor_shortfall_duration_hours"": 0.0, ""allocation_deficit_duration_hours"": [0.8999999999999999, 0.8999999999999999, 0.0, 0.0, 0.5, 0.7999999999999999, 0.7, 1.0999999999999999, 0.1, 0.1, 0.0, 0.0], ""allocation_unmet_heat_wh"": [7.4773311979914325e-06, 2.0596198255429245e-05, 0.0, 0.0, 1.5617197562534105e-05, 2.5116296897920164e-05, 9.236559022385295e-06, 1.4216913221876127e-05, 8.881784197001253e-17, 8.881784197001253e-17, 0.0, 0.0], ""electrical_load_energy_wh"": 111.1243081349098, ""pv_available_energy_wh"": 0.0, ""pv_used_energy_wh"": 0.0, ""pv_curtailed_energy_wh"": 0.0, ""discharged_ah"": 10.289287790269425, ""minimum_soc"": 0.81479281977515, ""observed_end_soc"": 0.81479281977515, ""terminal_soc"": 0.81479281977515, ""low_soc_duration_hours"": 0.0, ""peak_load_w"": 93.43240816741658, ""equipment_on_duration_hours"": 0.0, ""air_temperature_range_c"": {""minimum"": -11.2, ""maximum"": -8.8}, ""filtered_air_temperature_range_c"": {""minimum"": -11.2, ""maximum"": -8.8}, ""battery_temperature_range_c"": {""minimum"": -1.650989458003213, ""maximum"": 20.0}, ""priority_groups_observed"": [[0.9999990000000001, 0.999999, 0.999999], [0.9999990000000001, 0.999999, 0.999999], [0.9999990000000001, 0.999999, 0.999999], [0.9999990000000001, 0.999999, 0.999999], [0.9999990000000001, 0.999999, 0.999999], [0.9999990000000001, 0.999999, 0.999999], [0.9999990000000001, 0.999999, 0.999999], [1.0, 1.0, 1.0], [1.0, 1.0, 1.0], [1.0, 1.0, 1.0], [1.0, 1.0, 1.0], [1.0, 1.0, 1.0], [0.9999990000000001, 0.999999, 0.999999], [0.9999990000000001, 0.999999, 0.999999], [1.0, 1.0, 1.0], [1.0, 1.0, 1.0], [1.0, 1.0, 1.0], [1.0, 1.0, 1.0], [1.0, 1.0, 1.0], [0.9999990000000001, 0.999999, 0.999999], [0.9999990000000001, 0.999999, 0.9999989999999999], [1.0, 1.0, 1.0], [1.0, 1.0, 1.0], [1.0, 1.0, 1.0], [1.0, 1.0, 1.0], [1.0, 1.0, 1.0], [0.9999990000000001, 0.999999, 0.999999], [0.9999990000000001, 0.999999, 0.999999], [1.0, 1.0, 1.0], [1.0, 1.0, 1.0]], ""priority_audit_seconds"": 0.824625376262702}",runs/y10_h0_g0.json
10,0,1,whole_body_total_heat_v1,0.7914577584928468,4.0,850.0,policy_failure,failed,"{""C"": false, ""E"": null, ""S"": null, ""R"": null}","{""energy_wh"": -51.0, ""body_power_w"": 143.82199391049215}","{""equipment_unavailable"": 0.0, ""initial_equipment_unavailable"": 0.0}","{""soc_lower"": -0.95, ""soc_upper"": 0.0, ""time_alignment_hours"": -1e-09, ""electrical_balance_wh"": -1e-08, ""battery_temperature_state_c"": 0.0, ""forcing_alignment"": 0.0}",Only 0 of 30 intervals are present; unseen intervals were not imputed.,"{""scheduled_steps"": 30, ""observed_steps"": 0, ""full_duration_hours"": 3.0, ""observed_duration_hours"": 0.0, ""mean_thermal_score_observed"": null, ""whole_body_unmet_heat_wh"": 0.0, ""service_floor_shortfall_duration_hours"": 0.0, ""allocation_deficit_duration_hours"": [0.0, 0.0, 0.0, 0.0, 0.0, 0.0, 0.0, 0.0, 0.0, 0.0, 0.0, 0.0], ""allocation_unmet_heat_wh"": [0.0, 0.0, 0.0, 0.0, 0.0, 0.0, 0.0, 0.0, 0.0, 0.0, 0.0, 0.0], ""electrical_load_energy_wh"": 0.0, ""pv_available_energy_wh"": 0.0, ""pv_used_energy_wh"": 0.0, ""pv_curtailed_energy_wh"": 0.0, ""discharged_ah"": 0.0, ""minimum_soc"": 1.0, ""observed_end_soc"": 1.0, ""terminal_soc"": null, ""low_soc_duration_hours"": 0.0, ""peak_load_w"": null, ""equipment_on_duration_hours"": 0.0, ""air_temperature_range_c"": null, ""filtered_air_temperature_range_c"": null, ""battery_temperature_range_c"": {""minimum"": 20.0, ""maximum"": 20.0}, ""priority_groups_observed"": [], ""priority_audit_seconds"": 0.0}",runs/y10_h0_g1.json
10,0,2,whole_body_total_heat_v1,0.9711727456437672,3.7,600.0,feasible,success,"{""C"": true, ""E"": true, ""S"": true, ""R"": true}","{""energy_wh"": -249.0, ""body_power_w"": 16.783574370240345}","{""equipment_unavailable"": 0.0, ""initial_equipment_unavailable"": 0.0}","{""soc_lower"": -0.7101668969620555, ""soc_upper"": 0.0, ""time_alignment_hours"": -1e-09, ""electrical_balance_wh"": -1e-08, ""battery_temperature_state_c"": 0.0, ""forcing_alignment"": 0.0, ""pwm_lower"": -0.0, ""pwm_mask"": 0.0, ""equipment_availability"": 0.0, ""pv_lower_w"": -0.0, ""pv_upper_w"": 0.0, ""equipment_hysteresis"": 0.0, ""sensor_filter_state_c"": 0.0, ""priority_conformance"": -1.0099999963817737e-07, ""discharge_w"": -493.0, ""charge_w"": -305.0, ""bus_w"": -93.0, ""service"": 0.0, ""service_oversupply"": 0.0, ""terminal_soc"": -0.6101668969620555}",,"{""scheduled_steps"": 30, ""observed_steps"": 30, ""full_duration_hours"": 3.0, ""observed_duration_hours"": 3.0, ""mean_thermal_score_observed"": 0.9711727456437672, ""whole_body_unmet_heat_wh"": 0.0, ""service_floor_shortfall_duration_hours"": 0.0, ""allocation_deficit_duration_hours"": [0.5, 0.7999999999999999, 0.0, 1.3, 1.3, 0.8999999999999999, 1.2, 1.2, null, null, null, null], ""allocation_unmet_heat_wh"": [0.046083659755946194, 0.04609686095651489, 0.0, 7.254263349745117, 1.1313672918587212, 1.131356900309172, 1.3106890752301918, 1.3106851474904846, null, null, null, null], ""electrical_load_energy_wh"": 143.89986182276635, ""pv_available_energy_wh"": 0.0, ""pv_used_energy_wh"": 0.0, ""pv_curtailed_energy_wh"": 0.0, ""discharged_ah"": 13.324061279885768, ""minimum_soc"": 0.7601668969620555, ""observed_end_soc"": 0.7601668969620555, ""terminal_soc"": 0.7601668969620555, ""low_soc_duration_hours"": 0.0, ""peak_load_w"": 107.0, ""equipment_on_duration_hours"": 0.0, ""air_temperature_range_c"": {""minimum"": -11.2, ""maximum"": -8.8}, ""filtered_air_temperature_range_c"": {""minimum"": -11.2, ""maximum"": -8.8}, ""battery_temperature_range_c"": {""minimum"": -1.650989458003213, ""maximum"": 20.0}, ""priority_groups_observed"": [[0.8566179150727525, 0.7630018329113268, 0.8415461392404341], [0.8566179150727525, 0.7630018329113268, 0.8415461392404341], [0.8566179150727525, 0.7630018329113268, 0.8415461392404341], [0.8566179150727525, 0.7630018329113268, 0.8415461392404341], [0.8566179150727525, 0.7630018329113268, 0.8415461392404341], [0.9233810114921733, 0.9310100480794444, 0.9999990000000001], [0.9233810114921733, 0.9310100480794444, 0.9999990000000001], [1.0, 1.0, 1.0], [1.0, 1.0, 1.0], [1.0, 1.0, 1.0], [1.0, 1.0, 1.0], [1.0, 1.0, 1.0], [0.9069674261907866, 0.887668866825682, 0.9790465442930317], [0.9069674261907866, 0.887668866825682, 0.9790465442930317], [1.0, 1.0, 1.0], [1.0, 1.0, 1.0], [1.0, 1.0, 1.0], [1.0, 1.0, 1.0], [1.0, 1.0, 1.0], [0.9069674261907866, 0.887668866825682, 0.9790465442930317], [0.927822546445831, 0.9427411325227286, 0.9999989999999996], [1.0, 1.0, 1.0], [1.0, 1.0, 1.0], [1.0, 1.0, 1.0], [1.0, 1.0, 1.0], [1.0, 1.0, 1.0], [0.9726182487105202, 0.9999990000000001, 0.9999990000000001], [0.9726182487105202, 0.9999990000000001, 0.9999990000000001], [1.0, 1.0, 1.0], [1.0, 1.0, 1.0]], ""priority_audit_seconds"": 0.7297137909336016}",runs/y10_h0_g2.json
10,0,3,whole_body_total_heat_v1,0.6457480899723209,3.5,500.0,policy_failure,failed,"{""C"": false, ""E"": null, ""S"": null, ""R"": null}","{""energy_wh"": -249.0, ""body_power_w"": 337.6692318631293}","{""equipment_unavailable"": 0.0, ""initial_equipment_unavailable"": 0.0}","{""soc_lower"": -0.95, ""soc_upper"": 0.0, ""time_alignment_hours"": -1e-09, ""electrical_balance_wh"": -1e-08, ""battery_temperature_state_c"": 0.0, ""forcing_alignment"": 0.0}",Only 0 of 30 intervals are present; unseen intervals were not imputed.,"{""scheduled_steps"": 30, ""observed_steps"": 0, ""full_duration_hours"": 3.0, ""observed_duration_hours"": 0.0, ""mean_thermal_score_observed"": null, ""whole_body_unmet_heat_wh"": 0.0, ""service_floor_shortfall_duration_hours"": 0.0, ""allocation_deficit_duration_hours"": [0.0, 0.0, 0.0, 0.0, 0.0, 0.0, 0.0, 0.0, null, null, null, null], ""allocation_unmet_heat_wh"": [0.0, 0.0, 0.0, 0.0, 0.0, 0.0, 0.0, 0.0, null, null, null, null], ""electrical_load_energy_wh"": 0.0, ""pv_available_energy_wh"": 0.0, ""pv_used_energy_wh"": 0.0, ""pv_curtailed_energy_wh"": 0.0, ""discharged_ah"": 0.0, ""minimum_soc"": 1.0, ""observed_end_soc"": 1.0, ""terminal_soc"": null, ""low_soc_duration_hours"": 0.0, ""peak_load_w"": null, ""equipment_on_duration_hours"": 0.0, ""air_temperature_range_c"": null, ""filtered_air_temperature_range_c"": null, ""battery_temperature_range_c"": {""minimum"": 20.0, ""maximum"": 20.0}, ""priority_groups_observed"": [], ""priority_audit_seconds"": 0.0}",runs/y10_h0_g3.json
11,0,0,whole_body_total_heat_v1,1.0,4.75,1060.0,feasible,success,"{""C"": true, ""E"": true, ""S"": true, ""R"": true}","{""energy_wh"": -108.0, ""body_power_w"": -65.29319233476953}","{""equipment_unavailable"": 0.0, ""initial_equipment_unavailable"": 0.0}","{""soc_lower"": -0.7816298361592283, ""soc_upper"": 0.0, ""time_alignment_hours"": -1e-09, ""electrical_balance_wh"": -1e-08, ""battery_temperature_state_c"": 0.0, ""forcing_alignment"": 0.0, ""pwm_lower"": -0.0, ""pwm_mask"": -0.34685391078853056, ""equipment_availability"": 0.0, ""pv_lower_w"": -0.0, ""pv_upper_w"": 0.0, ""equipment_hysteresis"": 0.0, ""sensor_filter_state_c"": 0.0, ""priority_conformance"": -1.0099999986022198e-07, ""discharge_w"": -566.5675918325834, ""charge_w"": -335.0, ""bus_w"": -106.56759183258342, ""service"": 0.0, ""service_oversupply"": 0.0, ""terminal_soc"": -0.6816298361592283}",,"{""scheduled_steps"": 30, ""observed_steps"": 30, ""full_duration_hours"": 3.0, ""observed_duration_hours"": 3.0, ""mean_thermal_score_observed"": 1.0, ""whole_body_unmet_heat_wh"": 0.0, ""service_floor_shortfall_duration_hours"": 0.0, ""allocation_deficit_duration_hours"": [0.8999999999999999, 0.8999999999999999, 0.0, 0.0, 0.5, 0.7999999999999999, 0.7, 1.0999999999999999, 0.1, 0.1, 0.0, 0.0], ""allocation_unmet_heat_wh"": [7.4773311979914325e-06, 2.0596198255429245e-05, 0.0, 0.0, 1.5617197562534105e-05, 2.5116296897920164e-05, 9.236559022385295e-06, 1.4216913221876127e-05, 8.881784197001253e-17, 8.881784197001253e-17, 0.0, 0.0], ""electrical_load_energy_wh"": 111.1243081349098, ""pv_available_energy_wh"": 0.0, ""pv_used_energy_wh"": 0.0, ""pv_curtailed_energy_wh"": 0.0, ""discharged_ah"": 10.289287790269425, ""minimum_soc"": 0.8316298361592284, ""observed_end_soc"": 0.8316298361592284, ""terminal_soc"": 0.8316298361592284, ""low_soc_duration_hours"": 0.0, ""peak_load_w"": 93.43240816741658, ""equipment_on_duration_hours"": 0.0, ""air_temperature_range_c"": {""minimum"": -11.2, ""maximum"": -8.8}, ""filtered_air_temperature_range_c"": {""minimum"": -11.2, ""maximum"": -8.8}, ""battery_temperature_range_c"": {""minimum"": -0.6589000350219353, ""maximum"": 20.0}, ""priority_groups_observed"": [[0.9999990000000001, 0.999999, 0.999999], [0.9999990000000001, 0.999999, 0.999999], [0.9999990000000001, 0.999999, 0.999999], [0.9999990000000001, 0.999999, 0.999999], [0.9999990000000001, 0.999999, 0.999999], [0.9999990000000001, 0.999999, 0.999999], [0.9999990000000001, 0.999999, 0.999999], [1.0, 1.0, 1.0], [1.0, 1.0, 1.0], [1.0, 1.0, 1.0], [1.0, 1.0, 1.0], [1.0, 1.0, 1.0], [0.9999990000000001, 0.999999, 0.999999], [0.9999990000000001, 0.999999, 0.999999], [1.0, 1.0, 1.0], [1.0, 1.0, 1.0], [1.0, 1.0, 1.0], [1.0, 1.0, 1.0], [1.0, 1.0, 1.0], [0.9999990000000001, 0.999999, 0.999999], [0.9999990000000001, 0.999999, 0.9999989999999999], [1.0, 1.0, 1.0], [1.0, 1.0, 1.0], [1.0, 1.0, 1.0], [1.0, 1.0, 1.0], [1.0, 1.0, 1.0], [0.9999990000000001, 0.999999, 0.999999], [0.9999990000000001, 0.999999, 0.999999], [1.0, 1.0, 1.0], [1.0, 1.0, 1.0]], ""priority_audit_seconds"": 0.8661782488343306}",runs/y11_h0_g0.json
11,0,1,whole_body_total_heat_v1,0.7914577584928468,4.25,860.0,policy_failure,failed,"{""C"": false, ""E"": null, ""S"": null, ""R"": null}","{""energy_wh"": -108.0, ""body_power_w"": 143.82199391049215}","{""equipment_unavailable"": 0.0, ""initial_equipment_unavailable"": 0.0}","{""soc_lower"": -0.95, ""soc_upper"": 0.0, ""time_alignment_hours"": -1e-09, ""electrical_balance_wh"": -1e-08, ""battery_temperature_state_c"": 0.0, ""forcing_alignment"": 0.0}",Only 0 of 30 intervals are present; unseen intervals were not imputed.,"{""scheduled_steps"": 30, ""observed_steps"": 0, ""full_duration_hours"": 3.0, ""observed_duration_hours"": 0.0, ""mean_thermal_score_observed"": null, ""whole_body_unmet_heat_wh"": 0.0, ""service_floor_shortfall_duration_hours"": 0.0, ""allocation_deficit_duration_hours"": [0.0, 0.0, 0.0, 0.0, 0.0, 0.0, 0.0, 0.0, 0.0, 0.0, 0.0, 0.0], ""allocation_unmet_heat_wh"": [0.0, 0.0, 0.0, 0.0, 0.0, 0.0, 0.0, 0.0, 0.0, 0.0, 0.0, 0.0], ""electrical_load_energy_wh"": 0.0, ""pv_available_energy_wh"": 0.0, ""pv_used_energy_wh"": 0.0, ""pv_curtailed_energy_wh"": 0.0, ""discharged_ah"": 0.0, ""minimum_soc"": 1.0, ""observed_end_soc"": 1.0, ""terminal_soc"": null, ""low_soc_duration_hours"": 0.0, ""peak_load_w"": null, ""equipment_on_duration_hours"": 0.0, ""air_temperature_range_c"": null, ""filtered_air_temperature_range_c"": null, ""battery_temperature_range_c"": {""minimum"": 20.0, ""maximum"": 20.0}, ""priority_groups_observed"": [], ""priority_audit_seconds"": 0.0}",runs/y11_h0_g1.json
11,0,2,whole_body_total_heat_v1,0.9711727456437672,3.95,610.0,feasible,success,"{""C"": true, ""E"": true, ""S"": true, ""R"": true}","{""energy_wh"": -306.0, ""body_power_w"": 16.783574370240345}","{""equipment_unavailable"": 0.0, ""initial_equipment_unavailable"": 0.0}","{""soc_lower"": -0.7319699063291422, ""soc_upper"": 0.0, ""time_alignment_hours"": -1e-09, ""electrical_balance_wh"": -1e-08, ""battery_temperature_state_c"": 0.0, ""forcing_alignment"": 0.0, ""pwm_lower"": -0.0, ""pwm_mask"": 0.0, ""equipment_availability"": 0.0, ""pv_lower_w"": -0.0, ""pv_upper_w"": 0.0, ""equipment_hysteresis"": 0.0, ""sensor_filter_state_c"": 0.0, ""priority_conformance"": -1.0099999963817737e-07, ""discharge_w"": -553.0, ""charge_w"": -335.0, ""bus_w"": -93.0, ""service"": 0.0, ""service_oversupply"": 0.0, ""terminal_soc"": -0.6319699063291422}",,"{""scheduled_steps"": 30, ""observed_steps"": 30, ""full_duration_hours"": 3.0, ""observed_duration_hours"": 3.0, ""mean_thermal_score_observed"": 0.9711727456437672, ""whole_body_unmet_heat_wh"": 0.0, ""service_floor_shortfall_duration_hours"": 0.0, ""allocation_deficit_duration_hours"": [0.5, 0.7999999999999999, 0.0, 1.3, 1.3, 0.8999999999999999, 1.2, 1.2, null, null, null, null], ""allocation_unmet_heat_wh"": [0.046083659755946194, 0.04609686095651489, 0.0, 7.254263349745117, 1.1313672918587212, 1.131356900309172, 1.3106890752301918, 1.3106851474904846, null, null, null, null], ""electrical_load_energy_wh"": 143.89986182276635, ""pv_available_energy_wh"": 0.0, ""pv_used_energy_wh"": 0.0, ""pv_curtailed_energy_wh"": 0.0, ""discharged_ah"": 13.324061279885768, ""minimum_soc"": 0.7819699063291422, ""observed_end_soc"": 0.7819699063291422, ""terminal_soc"": 0.7819699063291422, ""low_soc_duration_hours"": 0.0, ""peak_load_w"": 107.0, ""equipment_on_duration_hours"": 0.0, ""air_temperature_range_c"": {""minimum"": -11.2, ""maximum"": -8.8}, ""filtered_air_temperature_range_c"": {""minimum"": -11.2, ""maximum"": -8.8}, ""battery_temperature_range_c"": {""minimum"": -0.6589000350219353, ""maximum"": 20.0}, ""priority_groups_observed"": [[0.8566179150727525, 0.7630018329113268, 0.8415461392404341], [0.8566179150727525, 0.7630018329113268, 0.8415461392404341], [0.8566179150727525, 0.7630018329113268, 0.8415461392404341], [0.8566179150727525, 0.7630018329113268, 0.8415461392404341], [0.8566179150727525, 0.7630018329113268, 0.8415461392404341], [0.9233810114921733, 0.9310100480794444, 0.9999990000000001], [0.9233810114921733, 0.9310100480794444, 0.9999990000000001], [1.0, 1.0, 1.0], [1.0, 1.0, 1.0], [1.0, 1.0, 1.0], [1.0, 1.0, 1.0], [1.0, 1.0, 1.0], [0.9069674261907866, 0.887668866825682, 0.9790465442930317], [0.9069674261907866, 0.887668866825682, 0.9790465442930317], [1.0, 1.0, 1.0], [1.0, 1.0, 1.0], [1.0, 1.0, 1.0], [1.0, 1.0, 1.0], [1.0, 1.0, 1.0], [0.9069674261907866, 0.887668866825682, 0.9790465442930317], [0.927822546445831, 0.9427411325227286, 0.9999989999999996], [1.0, 1.0, 1.0], [1.0, 1.0, 1.0], [1.0, 1.0, 1.0], [1.0, 1.0, 1.0], [1.0, 1.0, 1.0], [0.9726182487105202, 0.9999990000000001, 0.9999990000000001], [0.9726182487105202, 0.9999990000000001, 0.9999990000000001], [1.0, 1.0, 1.0], [1.0, 1.0, 1.0]], ""priority_audit_seconds"": 0.7308739579166286}",runs/y11_h0_g2.json
11,0,3,whole_body_total_heat_v1,0.6457480899723209,3.75,510.0,policy_failure,failed,"{""C"": false, ""E"": null, ""S"": null, ""R"": null}","{""energy_wh"": -306.0, ""body_power_w"": 337.6692318631293}","{""equipment_unavailable"": 0.0, ""initial_equipment_unavailable"": 0.0}","{""soc_lower"": -0.95, ""soc_upper"": 0.0, ""time_alignment_hours"": -1e-09, ""electrical_balance_wh"": -1e-08, ""battery_temperature_state_c"": 0.0, ""forcing_alignment"": 0.0}",Only 0 of 30 intervals are present; unseen intervals were not imputed.,"{""scheduled_steps"": 30, ""observed_steps"": 0, ""full_duration_hours"": 3.0, ""observed_duration_hours"": 0.0, ""mean_thermal_score_observed"": null, ""whole_body_unmet_heat_wh"": 0.0, ""service_floor_shortfall_duration_hours"": 0.0, ""allocation_deficit_duration_hours"": [0.0, 0.0, 0.0, 0.0, 0.0, 0.0, 0.0, 0.0, null, null, null, null], ""allocation_unmet_heat_wh"": [0.0, 0.0, 0.0, 0.0, 0.0, 0.0, 0.0, 0.0, null, null, null, null], ""electrical_load_energy_wh"": 0.0, ""pv_available_energy_wh"": 0.0, ""pv_used_energy_wh"": 0.0, ""pv_curtailed_energy_wh"": 0.0, ""discharged_ah"": 0.0, ""minimum_soc"": 1.0, ""observed_end_soc"": 1.0, ""terminal_soc"": null, ""low_soc_duration_hours"": 0.0, ""peak_load_w"": null, ""equipment_on_duration_hours"": 0.0, ""air_temperature_range_c"": null, ""filtered_air_temperature_range_c"": null, ""battery_temperature_range_c"": {""minimum"": 20.0, ""maximum"": 20.0}, ""priority_groups_observed"": [], ""priority_audit_seconds"": 0.0}",runs/y11_h0_g3.json
12,0,0,whole_body_total_heat_v1,1.0,5.0,1070.0,feasible,success,"{""C"": true, ""E"": true, ""S"": true, ""R"": true}","{""energy_wh"": -165.0, ""body_power_w"": -65.29319233476953}","{""equipment_unavailable"": 0.0, ""initial_equipment_unavailable"": 0.0}","{""soc_lower"": -0.7956606831459588, ""soc_upper"": 0.0, ""time_alignment_hours"": -1e-09, ""electrical_balance_wh"": -1e-08, ""battery_temperature_state_c"": 0.0, ""forcing_alignment"": 0.0, ""pwm_lower"": -0.0, ""pwm_mask"": -0.34685391078853056, ""equipment_availability"": 0.0, ""pv_lower_w"": -0.0, ""pv_upper_w"": 0.0, ""equipment_hysteresis"": 0.0, ""sensor_filter_state_c"": 0.0, ""priority_conformance"": -1.0099999986022198e-07, ""discharge_w"": -626.5675918325834, ""charge_w"": -365.0, ""bus_w"": -106.56759183258342, ""service"": 0.0, ""service_oversupply"": 0.0, ""terminal_soc"": -0.6956606831459589}",,"{""scheduled_steps"": 30, ""observed_steps"": 30, ""full_duration_hours"": 3.0, ""observed_duration_hours"": 3.0, ""mean_thermal_score_observed"": 1.0, ""whole_body_unmet_heat_wh"": 0.0, ""service_floor_shortfall_duration_hours"": 0.0, ""allocation_deficit_duration_hours"": [0.8999999999999999, 0.8999999999999999, 0.0, 0.0, 0.5, 0.7999999999999999, 0.7, 1.0999999999999999, 0.1, 0.1, 0.0, 0.0], ""allocation_unmet_heat_wh"": [7.4773311979914325e-06, 2.0596198255429245e-05, 0.0, 0.0, 1.5617197562534105e-05, 2.5116296897920164e-05, 9.236559022385295e-06, 1.4216913221876127e-05, 8.881784197001253e-17, 8.881784197001253e-17, 0.0, 0.0], ""electrical_load_energy_wh"": 111.1243081349098, ""pv_available_energy_wh"": 0.0, ""pv_used_energy_wh"": 0.0, ""pv_curtailed_energy_wh"": 0.0, ""discharged_ah"": 10.289287790269425, ""minimum_soc"": 0.8456606831459589, ""observed_end_soc"": 0.8456606831459589, ""terminal_soc"": 0.8456606831459589, ""low_soc_duration_hours"": 0.0, ""peak_load_w"": 93.43240816741658, ""equipment_on_duration_hours"": 0.0, ""air_temperature_range_c"": {""minimum"": -11.2, ""maximum"": -8.8}, ""filtered_air_temperature_range_c"": {""minimum"": -11.2, ""maximum"": -8.8}, ""battery_temperature_range_c"": {""minimum"": 0.2663798031554241, ""maximum"": 20.0}, ""priority_groups_observed"": [[0.9999990000000001, 0.999999, 0.999999], [0.9999990000000001, 0.999999, 0.999999], [0.9999990000000001, 0.999999, 0.999999], [0.9999990000000001, 0.999999, 0.999999], [0.9999990000000001, 0.999999, 0.999999], [0.9999990000000001, 0.999999, 0.999999], [0.9999990000000001, 0.999999, 0.999999], [1.0, 1.0, 1.0], [1.0, 1.0, 1.0], [1.0, 1.0, 1.0], [1.0, 1.0, 1.0], [1.0, 1.0, 1.0], [0.9999990000000001, 0.999999, 0.999999], [0.9999990000000001, 0.999999, 0.999999], [1.0, 1.0, 1.0], [1.0, 1.0, 1.0], [1.0, 1.0, 1.0], [1.0, 1.0, 1.0], [1.0, 1.0, 1.0], [0.9999990000000001, 0.999999, 0.999999], [0.9999990000000001, 0.999999, 0.9999989999999999], [1.0, 1.0, 1.0], [1.0, 1.0, 1.0], [1.0, 1.0, 1.0], [1.0, 1.0, 1.0], [1.0, 1.0, 1.0], [0.9999990000000001, 0.999999, 0.999999], [0.9999990000000001, 0.999999, 0.999999], [1.0, 1.0, 1.0], [1.0, 1.0, 1.0]], ""priority_audit_seconds"": 0.9406173750176094}",runs/y12_h0_g0.json
12,0,1,whole_body_total_heat_v1,0.7914577584928468,4.5,870.0,policy_failure,failed,"{""C"": false, ""E"": null, ""S"": null, ""R"": null}","{""energy_wh"": -165.0, ""body_power_w"": 143.82199391049215}","{""equipment_unavailable"": 0.0, ""initial_equipment_unavailable"": 0.0}","{""soc_lower"": -0.95, ""soc_upper"": 0.0, ""time_alignment_hours"": -1e-09, ""electrical_balance_wh"": -1e-08, ""battery_temperature_state_c"": 0.0, ""forcing_alignment"": 0.0}",Only 0 of 30 intervals are present; unseen intervals were not imputed.,"{""scheduled_steps"": 30, ""observed_steps"": 0, ""full_duration_hours"": 3.0, ""observed_duration_hours"": 0.0, ""mean_thermal_score_observed"": null, ""whole_body_unmet_heat_wh"": 0.0, ""service_floor_shortfall_duration_hours"": 0.0, ""allocation_deficit_duration_hours"": [0.0, 0.0, 0.0, 0.0, 0.0, 0.0, 0.0, 0.0, 0.0, 0.0, 0.0, 0.0], ""allocation_unmet_heat_wh"": [0.0, 0.0, 0.0, 0.0, 0.0, 0.0, 0.0, 0.0, 0.0, 0.0, 0.0, 0.0], ""electrical_load_energy_wh"": 0.0, ""pv_available_energy_wh"": 0.0, ""pv_used_energy_wh"": 0.0, ""pv_curtailed_energy_wh"": 0.0, ""discharged_ah"": 0.0, ""minimum_soc"": 1.0, ""observed_end_soc"": 1.0, ""terminal_soc"": null, ""low_soc_duration_hours"": 0.0, ""peak_load_w"": null, ""equipment_on_duration_hours"": 0.0, ""air_temperature_range_c"": null, ""filtered_air_temperature_range_c"": null, ""battery_temperature_range_c"": {""minimum"": 20.0, ""maximum"": 20.0}, ""priority_groups_observed"": [], ""priority_audit_seconds"": 0.0}",runs/y12_h0_g1.json
12,0,2,whole_body_total_heat_v1,0.9711727456437672,4.2,620.0,feasible,success,"{""C"": true, ""E"": true, ""S"": true, ""R"": true}","{""energy_wh"": -363.0, ""body_power_w"": 16.783574370240345}","{""equipment_unavailable"": 0.0, ""initial_equipment_unavailable"": 0.0}","{""soc_lower"": -0.7501390808017134, ""soc_upper"": 0.0, ""time_alignment_hours"": -1e-09, ""electrical_balance_wh"": -1e-08, ""battery_temperature_state_c"": 0.0, ""forcing_alignment"": 0.0, ""pwm_lower"": -0.0, ""pwm_mask"": 0.0, ""equipment_availability"": 0.0, ""pv_lower_w"": -0.0, ""pv_upper_w"": 0.0, ""equipment_hysteresis"": 0.0, ""sensor_filter_state_c"": 0.0, ""priority_conformance"": -1.0099999963817737e-07, ""discharge_w"": -613.0, ""charge_w"": -365.0, ""bus_w"": -93.0, ""service"": 0.0, ""service_oversupply"": 0.0, ""terminal_soc"": -0.6501390808017135}",,"{""scheduled_steps"": 30, ""observed_steps"": 30, ""full_duration_hours"": 3.0, ""observed_duration_hours"": 3.0, ""mean_thermal_score_observed"": 0.9711727456437672, ""whole_body_unmet_heat_wh"": 0.0, ""service_floor_shortfall_duration_hours"": 0.0, ""allocation_deficit_duration_hours"": [0.5, 0.7999999999999999, 0.0, 1.3, 1.3, 0.8999999999999999, 1.2, 1.2, null, null, null, null], ""allocation_unmet_heat_wh"": [0.046083659755946194, 0.04609686095651489, 0.0, 7.254263349745117, 1.1313672918587212, 1.131356900309172, 1.3106890752301918, 1.3106851474904846, null, null, null, null], ""electrical_load_energy_wh"": 143.89986182276635, ""pv_available_energy_wh"": 0.0, ""pv_used_energy_wh"": 0.0, ""pv_curtailed_energy_wh"": 0.0, ""discharged_ah"": 13.324061279885768, ""minimum_soc"": 0.8001390808017135, ""observed_end_soc"": 0.8001390808017135, ""terminal_soc"": 0.8001390808017135, ""low_soc_duration_hours"": 0.0, ""peak_load_w"": 107.0, ""equipment_on_duration_hours"": 0.0, ""air_temperature_range_c"": {""minimum"": -11.2, ""maximum"": -8.8}, ""filtered_air_temperature_range_c"": {""minimum"": -11.2, ""maximum"": -8.8}, ""battery_temperature_range_c"": {""minimum"": 0.2663798031554241, ""maximum"": 20.0}, ""priority_groups_observed"": [[0.8566179150727525, 0.7630018329113268, 0.8415461392404341], [0.8566179150727525, 0.7630018329113268, 0.8415461392404341], [0.8566179150727525, 0.7630018329113268, 0.8415461392404341], [0.8566179150727525, 0.7630018329113268, 0.8415461392404341], [0.8566179150727525, 0.7630018329113268, 0.8415461392404341], [0.9233810114921733, 0.9310100480794444, 0.9999990000000001], [0.9233810114921733, 0.9310100480794444, 0.9999990000000001], [1.0, 1.0, 1.0], [1.0, 1.0, 1.0], [1.0, 1.0, 1.0], [1.0, 1.0, 1.0], [1.0, 1.0, 1.0], [0.9069674261907866, 0.887668866825682, 0.9790465442930317], [0.9069674261907866, 0.887668866825682, 0.9790465442930317], [1.0, 1.0, 1.0], [1.0, 1.0, 1.0], [1.0, 1.0, 1.0], [1.0, 1.0, 1.0], [1.0, 1.0, 1.0], [0.9069674261907866, 0.887668866825682, 0.9790465442930317], [0.927822546445831, 0.9427411325227286, 0.9999989999999996], [1.0, 1.0, 1.0], [1.0, 1.0, 1.0], [1.0, 1.0, 1.0], [1.0, 1.0, 1.0], [1.0, 1.0, 1.0], [0.9726182487105202, 0.9999990000000001, 0.9999990000000001], [0.9726182487105202, 0.9999990000000001, 0.9999990000000001], [1.0, 1.0, 1.0], [1.0, 1.0, 1.0]], ""priority_audit_seconds"": 0.9043088748585433}",runs/y12_h0_g2.json
12,0,3,whole_body_total_heat_v1,0.6457480899723209,4.0,520.0,policy_failure,failed,"{""C"": false, ""E"": null, ""S"": null, ""R"": null}","{""energy_wh"": -363.0, ""body_power_w"": 337.6692318631293}","{""equipment_unavailable"": 0.0, ""initial_equipment_unavailable"": 0.0}","{""soc_lower"": -0.95, ""soc_upper"": 0.0, ""time_alignment_hours"": -1e-09, ""electrical_balance_wh"": -1e-08, ""battery_temperature_state_c"": 0.0, ""forcing_alignment"": 0.0}",Only 0 of 30 intervals are present; unseen intervals were not imputed.,"{""scheduled_steps"": 30, ""observed_steps"": 0, ""full_duration_hours"": 3.0, ""observed_duration_hours"": 0.0, ""mean_thermal_score_observed"": null, ""whole_body_unmet_heat_wh"": 0.0, ""service_floor_shortfall_duration_hours"": 0.0, ""allocation_deficit_duration_hours"": [0.0, 0.0, 0.0, 0.0, 0.0, 0.0, 0.0, 0.0, null, null, null, null], ""allocation_unmet_heat_wh"": [0.0, 0.0, 0.0, 0.0, 0.0, 0.0, 0.0, 0.0, null, null, null, null], ""electrical_load_energy_wh"": 0.0, ""pv_available_energy_wh"": 0.0, ""pv_used_energy_wh"": 0.0, ""pv_curtailed_energy_wh"": 0.0, ""discharged_ah"": 0.0, ""minimum_soc"": 1.0, ""observed_end_soc"": 1.0, ""terminal_soc"": null, ""low_soc_duration_hours"": 0.0, ""peak_load_w"": null, ""equipment_on_duration_hours"": 0.0, ""air_temperature_range_c"": null, ""filtered_air_temperature_range_c"": null, ""battery_temperature_range_c"": {""minimum"": 20.0, ""maximum"": 20.0}, ""priority_groups_observed"": [], ""priority_audit_seconds"": 0.0}",runs/y12_h0_g3.json
13,0,0,whole_body_total_heat_v1,1.0,5.25,1080.0,feasible,success,"{""C"": true, ""E"": true, ""S"": true, ""R"": true}","{""energy_wh"": -222.0, ""body_power_w"": -65.29319233476953}","{""equipment_unavailable"": 0.0, ""initial_equipment_unavailable"": 0.0}","{""soc_lower"": -0.807532938288577, ""soc_upper"": 0.0, ""time_alignment_hours"": -1e-09, ""electrical_balance_wh"": -1e-08, ""battery_temperature_state_c"": 0.0, ""forcing_alignment"": 0.0, ""pwm_lower"": -0.0, ""pwm_mask"": -0.34685391078853056, ""equipment_availability"": 0.0, ""pv_lower_w"": -0.0, ""pv_upper_w"": 0.0, ""equipment_hysteresis"": 0.0, ""sensor_filter_state_c"": 0.0, ""priority_conformance"": -1.0099999986022198e-07, ""discharge_w"": -686.5675918325834, ""charge_w"": -395.0, ""bus_w"": -106.56759183258342, ""service"": 0.0, ""service_oversupply"": 0.0, ""terminal_soc"": -0.707532938288577}",,"{""scheduled_steps"": 30, ""observed_steps"": 30, ""full_duration_hours"": 3.0, ""observed_duration_hours"": 3.0, ""mean_thermal_score_observed"": 1.0, ""whole_body_unmet_heat_wh"": 0.0, ""service_floor_shortfall_duration_hours"": 0.0, ""allocation_deficit_duration_hours"": [0.8999999999999999, 0.8999999999999999, 0.0, 0.0, 0.5, 0.7999999999999999, 0.7, 1.0999999999999999, 0.1, 0.1, 0.0, 0.0], ""allocation_unmet_heat_wh"": [7.4773311979914325e-06, 2.0596198255429245e-05, 0.0, 0.0, 1.5617197562534105e-05, 2.5116296897920164e-05, 9.236559022385295e-06, 1.4216913221876127e-05, 8.881784197001253e-17, 8.881784197001253e-17, 0.0, 0.0], ""electrical_load_energy_wh"": 111.1243081349098, ""pv_available_energy_wh"": 0.0, ""pv_used_energy_wh"": 0.0, ""pv_curtailed_energy_wh"": 0.0, ""discharged_ah"": 10.289287790269425, ""minimum_soc"": 0.857532938288577, ""observed_end_soc"": 0.857532938288577, ""terminal_soc"": 0.857532938288577, ""low_soc_duration_hours"": 0.0, ""peak_load_w"": 93.43240816741658, ""equipment_on_duration_hours"": 0.0, ""air_temperature_range_c"": {""minimum"": -11.2, ""maximum"": -8.8}, ""filtered_air_temperature_range_c"": {""minimum"": -11.2, ""maximum"": -8.8}, ""battery_temperature_range_c"": {""minimum"": 1.126783364052668, ""maximum"": 20.0}, ""priority_groups_observed"": [[0.9999990000000001, 0.999999, 0.999999], [0.9999990000000001, 0.999999, 0.999999], [0.9999990000000001, 0.999999, 0.999999], [0.9999990000000001, 0.999999, 0.999999], [0.9999990000000001, 0.999999, 0.999999], [0.9999990000000001, 0.999999, 0.999999], [0.9999990000000001, 0.999999, 0.999999], [1.0, 1.0, 1.0], [1.0, 1.0, 1.0], [1.0, 1.0, 1.0], [1.0, 1.0, 1.0], [1.0, 1.0, 1.0], [0.9999990000000001, 0.999999, 0.999999], [0.9999990000000001, 0.999999, 0.999999], [1.0, 1.0, 1.0], [1.0, 1.0, 1.0], [1.0, 1.0, 1.0], [1.0, 1.0, 1.0], [1.0, 1.0, 1.0], [0.9999990000000001, 0.999999, 0.999999], [0.9999990000000001, 0.999999, 0.9999989999999999], [1.0, 1.0, 1.0], [1.0, 1.0, 1.0], [1.0, 1.0, 1.0], [1.0, 1.0, 1.0], [1.0, 1.0, 1.0], [0.9999990000000001, 0.999999, 0.999999], [0.9999990000000001, 0.999999, 0.999999], [1.0, 1.0, 1.0], [1.0, 1.0, 1.0]], ""priority_audit_seconds"": 0.8929236229741946}",runs/y13_h0_g0.json
13,0,1,whole_body_total_heat_v1,0.7914577584928468,4.75,880.0,policy_failure,failed,"{""C"": false, ""E"": null, ""S"": null, ""R"": null}","{""energy_wh"": -222.0, ""body_power_w"": 143.82199391049215}","{""equipment_unavailable"": 0.0, ""initial_equipment_unavailable"": 0.0}","{""soc_lower"": -0.95, ""soc_upper"": 0.0, ""time_alignment_hours"": -1e-09, ""electrical_balance_wh"": -1e-08, ""battery_temperature_state_c"": 0.0, ""forcing_alignment"": 0.0}",Only 0 of 30 intervals are present; unseen intervals were not imputed.,"{""scheduled_steps"": 30, ""observed_steps"": 0, ""full_duration_hours"": 3.0, ""observed_duration_hours"": 0.0, ""mean_thermal_score_observed"": null, ""whole_body_unmet_heat_wh"": 0.0, ""service_floor_shortfall_duration_hours"": 0.0, ""allocation_deficit_duration_hours"": [0.0, 0.0, 0.0, 0.0, 0.0, 0.0, 0.0, 0.0, 0.0, 0.0, 0.0, 0.0], ""allocation_unmet_heat_wh"": [0.0, 0.0, 0.0, 0.0, 0.0, 0.0, 0.0, 0.0, 0.0, 0.0, 0.0, 0.0], ""electrical_load_energy_wh"": 0.0, ""pv_available_energy_wh"": 0.0, ""pv_used_energy_wh"": 0.0, ""pv_curtailed_energy_wh"": 0.0, ""discharged_ah"": 0.0, ""minimum_soc"": 1.0, ""observed_end_soc"": 1.0, ""terminal_soc"": null, ""low_soc_duration_hours"": 0.0, ""peak_load_w"": null, ""equipment_on_duration_hours"": 0.0, ""air_temperature_range_c"": null, ""filtered_air_temperature_range_c"": null, ""battery_temperature_range_c"": {""minimum"": 20.0, ""maximum"": 20.0}, ""priority_groups_observed"": [], ""priority_audit_seconds"": 0.0}",runs/y13_h0_g1.json
13,0,2,whole_body_total_heat_v1,0.9711727456437672,4.45,630.0,feasible,success,"{""C"": true, ""E"": true, ""S"": true, ""R"": true}","{""energy_wh"": -420.0, ""body_power_w"": 16.783574370240345}","{""equipment_unavailable"": 0.0, ""initial_equipment_unavailable"": 0.0}","{""soc_lower"": -0.7655129976631199, ""soc_upper"": 0.0, ""time_alignment_hours"": -1e-09, ""electrical_balance_wh"": -1e-08, ""battery_temperature_state_c"": 0.0, ""forcing_alignment"": 0.0, ""pwm_lower"": -0.0, ""pwm_mask"": 0.0, ""equipment_availability"": 0.0, ""pv_lower_w"": -0.0, ""pv_upper_w"": 0.0, ""equipment_hysteresis"": 0.0, ""sensor_filter_state_c"": 0.0, ""priority_conformance"": -1.0099999963817737e-07, ""discharge_w"": -673.0, ""charge_w"": -395.0, ""bus_w"": -93.0, ""service"": 0.0, ""service_oversupply"": 0.0, ""terminal_soc"": -0.6655129976631199}",,"{""scheduled_steps"": 30, ""observed_steps"": 30, ""full_duration_hours"": 3.0, ""observed_duration_hours"": 3.0, ""mean_thermal_score_observed"": 0.9711727456437672, ""whole_body_unmet_heat_wh"": 0.0, ""service_floor_shortfall_duration_hours"": 0.0, ""allocation_deficit_duration_hours"": [0.5, 0.7999999999999999, 0.0, 1.3, 1.3, 0.8999999999999999, 1.2, 1.2, null, null, null, null], ""allocation_unmet_heat_wh"": [0.046083659755946194, 0.04609686095651489, 0.0, 7.254263349745117, 1.1313672918587212, 1.131356900309172, 1.3106890752301918, 1.3106851474904846, null, null, null, null], ""electrical_load_energy_wh"": 143.89986182276635, ""pv_available_energy_wh"": 0.0, ""pv_used_energy_wh"": 0.0, ""pv_curtailed_energy_wh"": 0.0, ""discharged_ah"": 13.324061279885768, ""minimum_soc"": 0.8155129976631199, ""observed_end_soc"": 0.8155129976631199, ""terminal_soc"": 0.8155129976631199, ""low_soc_duration_hours"": 0.0, ""peak_load_w"": 107.0, ""equipment_on_duration_hours"": 0.0, ""air_temperature_range_c"": {""minimum"": -11.2, ""maximum"": -8.8}, ""filtered_air_temperature_range_c"": {""minimum"": -11.2, ""maximum"": -8.8}, ""battery_temperature_range_c"": {""minimum"": 1.126783364052668, ""maximum"": 20.0}, ""priority_groups_observed"": [[0.8566179150727525, 0.7630018329113268, 0.8415461392404341], [0.8566179150727525, 0.7630018329113268, 0.8415461392404341], [0.8566179150727525, 0.7630018329113268, 0.8415461392404341], [0.8566179150727525, 0.7630018329113268, 0.8415461392404341], [0.8566179150727525, 0.7630018329113268, 0.8415461392404341], [0.9233810114921733, 0.9310100480794444, 0.9999990000000001], [0.9233810114921733, 0.9310100480794444, 0.9999990000000001], [1.0, 1.0, 1.0], [1.0, 1.0, 1.0], [1.0, 1.0, 1.0], [1.0, 1.0, 1.0], [1.0, 1.0, 1.0], [0.9069674261907866, 0.887668866825682, 0.9790465442930317], [0.9069674261907866, 0.887668866825682, 0.9790465442930317], [1.0, 1.0, 1.0], [1.0, 1.0, 1.0], [1.0, 1.0, 1.0], [1.0, 1.0, 1.0], [1.0, 1.0, 1.0], [0.9069674261907866, 0.887668866825682, 0.9790465442930317], [0.927822546445831, 0.9427411325227286, 0.9999989999999996], [1.0, 1.0, 1.0], [1.0, 1.0, 1.0], [1.0, 1.0, 1.0], [1.0, 1.0, 1.0], [1.0, 1.0, 1.0], [0.9726182487105202, 0.9999990000000001, 0.9999990000000001], [0.9726182487105202, 0.9999990000000001, 0.9999990000000001], [1.0, 1.0, 1.0], [1.0, 1.0, 1.0]], ""priority_audit_seconds"": 0.8460287930211052}",runs/y13_h0_g2.json
13,0,3,whole_body_total_heat_v1,0.6457480899723209,4.25,530.0,policy_failure,failed,"{""C"": false, ""E"": null, ""S"": null, ""R"": null}","{""energy_wh"": -420.0, ""body_power_w"": 337.6692318631293}","{""equipment_unavailable"": 0.0, ""initial_equipment_unavailable"": 0.0}","{""soc_lower"": -0.95, ""soc_upper"": 0.0, ""time_alignment_hours"": -1e-09, ""electrical_balance_wh"": -1e-08, ""battery_temperature_state_c"": 0.0, ""forcing_alignment"": 0.0}",Only 0 of 30 intervals are present; unseen intervals were not imputed.,"{""scheduled_steps"": 30, ""observed_steps"": 0, ""full_duration_hours"": 3.0, ""observed_duration_hours"": 0.0, ""mean_thermal_score_observed"": null, ""whole_body_unmet_heat_wh"": 0.0, ""service_floor_shortfall_duration_hours"": 0.0, ""allocation_deficit_duration_hours"": [0.0, 0.0, 0.0, 0.0, 0.0, 0.0, 0.0, 0.0, null, null, null, null], ""allocation_unmet_heat_wh"": [0.0, 0.0, 0.0, 0.0, 0.0, 0.0, 0.0, 0.0, null, null, null, null], ""electrical_load_energy_wh"": 0.0, ""pv_available_energy_wh"": 0.0, ""pv_used_energy_wh"": 0.0, ""pv_curtailed_energy_wh"": 0.0, ""discharged_ah"": 0.0, ""minimum_soc"": 1.0, ""observed_end_soc"": 1.0, ""terminal_soc"": null, ""low_soc_duration_hours"": 0.0, ""peak_load_w"": null, ""equipment_on_duration_hours"": 0.0, ""air_temperature_range_c"": null, ""filtered_air_temperature_range_c"": null, ""battery_temperature_range_c"": {""minimum"": 20.0, ""maximum"": 20.0}, ""priority_groups_observed"": [], ""priority_audit_seconds"": 0.0}",runs/y13_h0_g3.json
14,0,0,whole_body_total_heat_v1,1.0,5.5,1090.0,feasible,success,"{""C"": true, ""E"": true, ""S"": true, ""R"": true}","{""energy_wh"": -279.0, ""body_power_w"": -65.29319233476953}","{""equipment_unavailable"": 0.0, ""initial_equipment_unavailable"": 0.0}","{""soc_lower"": -0.8177091569822504, ""soc_upper"": 0.0, ""time_alignment_hours"": -1e-09, ""electrical_balance_wh"": -1e-08, ""battery_temperature_state_c"": 0.0, ""forcing_alignment"": 0.0, ""pwm_lower"": -0.0, ""pwm_mask"": -0.34685391078853056, ""equipment_availability"": 0.0, ""pv_lower_w"": -0.0, ""pv_upper_w"": 0.0, ""equipment_hysteresis"": 0.0, ""sensor_filter_state_c"": 0.0, ""priority_conformance"": -1.0099999986022198e-07, ""discharge_w"": -746.5675918325834, ""charge_w"": -425.0, ""bus_w"": -106.56759183258342, ""service"": 0.0, ""service_oversupply"": 0.0, ""terminal_soc"": -0.7177091569822505}",,"{""scheduled_steps"": 30, ""observed_steps"": 30, ""full_duration_hours"": 3.0, ""observed_duration_hours"": 3.0, ""mean_thermal_score_observed"": 1.0, ""whole_body_unmet_heat_wh"": 0.0, ""service_floor_shortfall_duration_hours"": 0.0, ""allocation_deficit_duration_hours"": [0.8999999999999999, 0.8999999999999999, 0.0, 0.0, 0.5, 0.7999999999999999, 0.7, 1.0999999999999999, 0.1, 0.1, 0.0, 0.0], ""allocation_unmet_heat_wh"": [7.4773311979914325e-06, 2.0596198255429245e-05, 0.0, 0.0, 1.5617197562534105e-05, 2.5116296897920164e-05, 9.236559022385295e-06, 1.4216913221876127e-05, 8.881784197001253e-17, 8.881784197001253e-17, 0.0, 0.0], ""electrical_load_energy_wh"": 111.1243081349098, ""pv_available_energy_wh"": 0.0, ""pv_used_energy_wh"": 0.0, ""pv_curtailed_energy_wh"": 0.0, ""discharged_ah"": 10.289287790269425, ""minimum_soc"": 0.8677091569822505, ""observed_end_soc"": 0.8677091569822505, ""terminal_soc"": 0.8677091569822505, ""low_soc_duration_hours"": 0.0, ""peak_load_w"": 93.43240816741658, ""equipment_on_duration_hours"": 0.0, ""air_temperature_range_c"": {""minimum"": -11.2, ""maximum"": -8.8}, ""filtered_air_temperature_range_c"": {""minimum"": -11.2, ""maximum"": -8.8}, ""battery_temperature_range_c"": {""minimum"": 1.9258747268796816, ""maximum"": 20.0}, ""priority_groups_observed"": [[0.9999990000000001, 0.999999, 0.999999], [0.9999990000000001, 0.999999, 0.999999], [0.9999990000000001, 0.999999, 0.999999], [0.9999990000000001, 0.999999, 0.999999], [0.9999990000000001, 0.999999, 0.999999], [0.9999990000000001, 0.999999, 0.999999], [0.9999990000000001, 0.999999, 0.999999], [1.0, 1.0, 1.0], [1.0, 1.0, 1.0], [1.0, 1.0, 1.0], [1.0, 1.0, 1.0], [1.0, 1.0, 1.0], [0.9999990000000001, 0.999999, 0.999999], [0.9999990000000001, 0.999999, 0.999999], [1.0, 1.0, 1.0], [1.0, 1.0, 1.0], [1.0, 1.0, 1.0], [1.0, 1.0, 1.0], [1.0, 1.0, 1.0], [0.9999990000000001, 0.999999, 0.999999], [0.9999990000000001, 0.999999, 0.9999989999999999], [1.0, 1.0, 1.0], [1.0, 1.0, 1.0], [1.0, 1.0, 1.0], [1.0, 1.0, 1.0], [1.0, 1.0, 1.0], [0.9999990000000001, 0.999999, 0.999999], [0.9999990000000001, 0.999999, 0.999999], [1.0, 1.0, 1.0], [1.0, 1.0, 1.0]], ""priority_audit_seconds"": 0.8800526250270195}",runs/y14_h0_g0.json
14,0,1,whole_body_total_heat_v1,0.7914577584928468,5.0,890.0,policy_failure,failed,"{""C"": false, ""E"": null, ""S"": null, ""R"": null}","{""energy_wh"": -279.0, ""body_power_w"": 143.82199391049215}","{""equipment_unavailable"": 0.0, ""initial_equipment_unavailable"": 0.0}","{""soc_lower"": -0.95, ""soc_upper"": 0.0, ""time_alignment_hours"": -1e-09, ""electrical_balance_wh"": -1e-08, ""battery_temperature_state_c"": 0.0, ""forcing_alignment"": 0.0}",Only 0 of 30 intervals are present; unseen intervals were not imputed.,"{""scheduled_steps"": 30, ""observed_steps"": 0, ""full_duration_hours"": 3.0, ""observed_duration_hours"": 0.0, ""mean_thermal_score_observed"": null, ""whole_body_unmet_heat_wh"": 0.0, ""service_floor_shortfall_duration_hours"": 0.0, ""allocation_deficit_duration_hours"": [0.0, 0.0, 0.0, 0.0, 0.0, 0.0, 0.0, 0.0, 0.0, 0.0, 0.0, 0.0], ""allocation_unmet_heat_wh"": [0.0, 0.0, 0.0, 0.0, 0.0, 0.0, 0.0, 0.0, 0.0, 0.0, 0.0, 0.0], ""electrical_load_energy_wh"": 0.0, ""pv_available_energy_wh"": 0.0, ""pv_used_energy_wh"": 0.0, ""pv_curtailed_energy_wh"": 0.0, ""discharged_ah"": 0.0, ""minimum_soc"": 1.0, ""observed_end_soc"": 1.0, ""terminal_soc"": null, ""low_soc_duration_hours"": 0.0, ""peak_load_w"": null, ""equipment_on_duration_hours"": 0.0, ""air_temperature_range_c"": null, ""filtered_air_temperature_range_c"": null, ""battery_temperature_range_c"": {""minimum"": 20.0, ""maximum"": 20.0}, ""priority_groups_observed"": [], ""priority_audit_seconds"": 0.0}",runs/y14_h0_g1.json
14,0,2,whole_body_total_heat_v1,0.9711727456437672,4.7,640.0,feasible,success,"{""C"": true, ""E"": true, ""S"": true, ""R"": true}","{""energy_wh"": -477.0, ""body_power_w"": 16.783574370240345}","{""equipment_unavailable"": 0.0, ""initial_equipment_unavailable"": 0.0}","{""soc_lower"": -0.778690640687183, ""soc_upper"": 0.0, ""time_alignment_hours"": -1e-09, ""electrical_balance_wh"": -1e-08, ""battery_temperature_state_c"": 0.0, ""forcing_alignment"": 0.0, ""pwm_lower"": -0.0, ""pwm_mask"": 0.0, ""equipment_availability"": 0.0, ""pv_lower_w"": -0.0, ""pv_upper_w"": 0.0, ""equipment_hysteresis"": 0.0, ""sensor_filter_state_c"": 0.0, ""priority_conformance"": -1.0099999963817737e-07, ""discharge_w"": -733.0, ""charge_w"": -425.0, ""bus_w"": -93.0, ""service"": 0.0, ""service_oversupply"": 0.0, ""terminal_soc"": -0.678690640687183}",,"{""scheduled_steps"": 30, ""observed_steps"": 30, ""full_duration_hours"": 3.0, ""observed_duration_hours"": 3.0, ""mean_thermal_score_observed"": 0.9711727456437672, ""whole_body_unmet_heat_wh"": 0.0, ""service_floor_shortfall_duration_hours"": 0.0, ""allocation_deficit_duration_hours"": [0.5, 0.7999999999999999, 0.0, 1.3, 1.3, 0.8999999999999999, 1.2, 1.2, null, null, null, null], ""allocation_unmet_heat_wh"": [0.046083659755946194, 0.04609686095651489, 0.0, 7.254263349745117, 1.1313672918587212, 1.131356900309172, 1.3106890752301918, 1.3106851474904846, null, null, null, null], ""electrical_load_energy_wh"": 143.89986182276635, ""pv_available_energy_wh"": 0.0, ""pv_used_energy_wh"": 0.0, ""pv_curtailed_energy_wh"": 0.0, ""discharged_ah"": 13.324061279885768, ""minimum_soc"": 0.828690640687183, ""observed_end_soc"": 0.828690640687183, ""terminal_soc"": 0.828690640687183, ""low_soc_duration_hours"": 0.0, ""peak_load_w"": 107.0, ""equipment_on_duration_hours"": 0.0, ""air_temperature_range_c"": {""minimum"": -11.2, ""maximum"": -8.8}, ""filtered_air_temperature_range_c"": {""minimum"": -11.2, ""maximum"": -8.8}, ""battery_temperature_range_c"": {""minimum"": 1.9258747268796816, ""maximum"": 20.0}, ""priority_groups_observed"": [[0.8566179150727525, 0.7630018329113268, 0.8415461392404341], [0.8566179150727525, 0.7630018329113268, 0.8415461392404341], [0.8566179150727525, 0.7630018329113268, 0.8415461392404341], [0.8566179150727525, 0.7630018329113268, 0.8415461392404341], [0.8566179150727525, 0.7630018329113268, 0.8415461392404341], [0.9233810114921733, 0.9310100480794444, 0.9999990000000001], [0.9233810114921733, 0.9310100480794444, 0.9999990000000001], [1.0, 1.0, 1.0], [1.0, 1.0, 1.0], [1.0, 1.0, 1.0], [1.0, 1.0, 1.0], [1.0, 1.0, 1.0], [0.9069674261907866, 0.887668866825682, 0.9790465442930317], [0.9069674261907866, 0.887668866825682, 0.9790465442930317], [1.0, 1.0, 1.0], [1.0, 1.0, 1.0], [1.0, 1.0, 1.0], [1.0, 1.0, 1.0], [1.0, 1.0, 1.0], [0.9069674261907866, 0.887668866825682, 0.9790465442930317], [0.927822546445831, 0.9427411325227286, 0.9999989999999996], [1.0, 1.0, 1.0], [1.0, 1.0, 1.0], [1.0, 1.0, 1.0], [1.0, 1.0, 1.0], [1.0, 1.0, 1.0], [0.9726182487105202, 0.9999990000000001, 0.9999990000000001], [0.9726182487105202, 0.9999990000000001, 0.9999990000000001], [1.0, 1.0, 1.0], [1.0, 1.0, 1.0]], ""priority_audit_seconds"": 0.8721493749762885}",runs/y14_h0_g2.json
14,0,3,whole_body_total_heat_v1,0.6457480899723209,4.5,540.0,policy_failure,failed,"{""C"": false, ""E"": null, ""S"": null, ""R"": null}","{""energy_wh"": -477.0, ""body_power_w"": 337.6692318631293}","{""equipment_unavailable"": 0.0, ""initial_equipment_unavailable"": 0.0}","{""soc_lower"": -0.95, ""soc_upper"": 0.0, ""time_alignment_hours"": -1e-09, ""electrical_balance_wh"": -1e-08, ""battery_temperature_state_c"": 0.0, ""forcing_alignment"": 0.0}",Only 0 of 30 intervals are present; unseen intervals were not imputed.,"{""scheduled_steps"": 30, ""observed_steps"": 0, ""full_duration_hours"": 3.0, ""observed_duration_hours"": 0.0, ""mean_thermal_score_observed"": null, ""whole_body_unmet_heat_wh"": 0.0, ""service_floor_shortfall_duration_hours"": 0.0, ""allocation_deficit_duration_hours"": [0.0, 0.0, 0.0, 0.0, 0.0, 0.0, 0.0, 0.0, null, null, null, null], ""allocation_unmet_heat_wh"": [0.0, 0.0, 0.0, 0.0, 0.0, 0.0, 0.0, 0.0, null, null, null, null], ""electrical_load_energy_wh"": 0.0, ""pv_available_energy_wh"": 0.0, ""pv_used_energy_wh"": 0.0, ""pv_curtailed_energy_wh"": 0.0, ""discharged_ah"": 0.0, ""minimum_soc"": 1.0, ""observed_end_soc"": 1.0, ""terminal_soc"": null, ""low_soc_duration_hours"": 0.0, ""peak_load_w"": null, ""equipment_on_duration_hours"": 0.0, ""air_temperature_range_c"": null, ""filtered_air_temperature_range_c"": null, ""battery_temperature_range_c"": {""minimum"": 20.0, ""maximum"": 20.0}, ""priority_groups_observed"": [], ""priority_audit_seconds"": 0.0}",runs/y14_h0_g3.json
15,0,0,whole_body_total_heat_v1,1.0,5.75,1100.0,feasible,success,"{""C"": true, ""E"": true, ""S"": true, ""R"": true}","{""energy_wh"": -336.0, ""body_power_w"": -65.29319233476953}","{""equipment_unavailable"": 0.0, ""initial_equipment_unavailable"": 0.0}","{""soc_lower"": -0.8265285465167671, ""soc_upper"": 0.0, ""time_alignment_hours"": -1e-09, ""electrical_balance_wh"": -1e-08, ""battery_temperature_state_c"": 0.0, ""forcing_alignment"": 0.0, ""pwm_lower"": -0.0, ""pwm_mask"": -0.34685391078853056, ""equipment_availability"": 0.0, ""pv_lower_w"": -0.0, ""pv_upper_w"": 0.0, ""equipment_hysteresis"": 0.0, ""sensor_filter_state_c"": 0.0, ""priority_conformance"": -1.0099999986022198e-07, ""discharge_w"": -806.5675918325834, ""charge_w"": -455.0, ""bus_w"": -106.56759183258342, ""service"": 0.0, ""service_oversupply"": 0.0, ""terminal_soc"": -0.7265285465167671}",,"{""scheduled_steps"": 30, ""observed_steps"": 30, ""full_duration_hours"": 3.0, ""observed_duration_hours"": 3.0, ""mean_thermal_score_observed"": 1.0, ""whole_body_unmet_heat_wh"": 0.0, ""service_floor_shortfall_duration_hours"": 0.0, ""allocation_deficit_duration_hours"": [0.8999999999999999, 0.8999999999999999, 0.0, 0.0, 0.5, 0.7999999999999999, 0.7, 1.0999999999999999, 0.1, 0.1, 0.0, 0.0], ""allocation_unmet_heat_wh"": [7.4773311979914325e-06, 2.0596198255429245e-05, 0.0, 0.0, 1.5617197562534105e-05, 2.5116296897920164e-05, 9.236559022385295e-06, 1.4216913221876127e-05, 8.881784197001253e-17, 8.881784197001253e-17, 0.0, 0.0], ""electrical_load_energy_wh"": 111.1243081349098, ""pv_available_energy_wh"": 0.0, ""pv_used_energy_wh"": 0.0, ""pv_curtailed_energy_wh"": 0.0, ""discharged_ah"": 10.289287790269425, ""minimum_soc"": 0.8765285465167671, ""observed_end_soc"": 0.8765285465167671, ""terminal_soc"": 0.8765285465167671, ""low_soc_duration_hours"": 0.0, ""peak_load_w"": 93.43240816741658, ""equipment_on_duration_hours"": 0.0, ""air_temperature_range_c"": {""minimum"": -11.2, ""maximum"": -8.8}, ""filtered_air_temperature_range_c"": {""minimum"": -11.2, ""maximum"": -8.8}, ""battery_temperature_range_c"": {""minimum"": 2.6679300185971493, ""maximum"": 20.0}, ""priority_groups_observed"": [[0.9999990000000001, 0.999999, 0.999999], [0.9999990000000001, 0.999999, 0.999999], [0.9999990000000001, 0.999999, 0.999999], [0.9999990000000001, 0.999999, 0.999999], [0.9999990000000001, 0.999999, 0.999999], [0.9999990000000001, 0.999999, 0.999999], [0.9999990000000001, 0.999999, 0.999999], [1.0, 1.0, 1.0], [1.0, 1.0, 1.0], [1.0, 1.0, 1.0], [1.0, 1.0, 1.0], [1.0, 1.0, 1.0], [0.9999990000000001, 0.999999, 0.999999], [0.9999990000000001, 0.999999, 0.999999], [1.0, 1.0, 1.0], [1.0, 1.0, 1.0], [1.0, 1.0, 1.0], [1.0, 1.0, 1.0], [1.0, 1.0, 1.0], [0.9999990000000001, 0.999999, 0.999999], [0.9999990000000001, 0.999999, 0.9999989999999999], [1.0, 1.0, 1.0], [1.0, 1.0, 1.0], [1.0, 1.0, 1.0], [1.0, 1.0, 1.0], [1.0, 1.0, 1.0], [0.9999990000000001, 0.999999, 0.999999], [0.9999990000000001, 0.999999, 0.999999], [1.0, 1.0, 1.0], [1.0, 1.0, 1.0]], ""priority_audit_seconds"": 0.9417294168961234}",runs/y15_h0_g0.json
15,0,1,whole_body_total_heat_v1,0.7914577584928468,5.25,900.0,policy_failure,failed,"{""C"": false, ""E"": null, ""S"": null, ""R"": null}","{""energy_wh"": -336.0, ""body_power_w"": 143.82199391049215}","{""equipment_unavailable"": 0.0, ""initial_equipment_unavailable"": 0.0}","{""soc_lower"": -0.95, ""soc_upper"": 0.0, ""time_alignment_hours"": -1e-09, ""electrical_balance_wh"": -1e-08, ""battery_temperature_state_c"": 0.0, ""forcing_alignment"": 0.0}",Only 0 of 30 intervals are present; unseen intervals were not imputed.,"{""scheduled_steps"": 30, ""observed_steps"": 0, ""full_duration_hours"": 3.0, ""observed_duration_hours"": 0.0, ""mean_thermal_score_observed"": null, ""whole_body_unmet_heat_wh"": 0.0, ""service_floor_shortfall_duration_hours"": 0.0, ""allocation_deficit_duration_hours"": [0.0, 0.0, 0.0, 0.0, 0.0, 0.0, 0.0, 0.0, 0.0, 0.0, 0.0, 0.0], ""allocation_unmet_heat_wh"": [0.0, 0.0, 0.0, 0.0, 0.0, 0.0, 0.0, 0.0, 0.0, 0.0, 0.0, 0.0], ""electrical_load_energy_wh"": 0.0, ""pv_available_energy_wh"": 0.0, ""pv_used_energy_wh"": 0.0, ""pv_curtailed_energy_wh"": 0.0, ""discharged_ah"": 0.0, ""minimum_soc"": 1.0, ""observed_end_soc"": 1.0, ""terminal_soc"": null, ""low_soc_duration_hours"": 0.0, ""peak_load_w"": null, ""equipment_on_duration_hours"": 0.0, ""air_temperature_range_c"": null, ""filtered_air_temperature_range_c"": null, ""battery_temperature_range_c"": {""minimum"": 20.0, ""maximum"": 20.0}, ""priority_groups_observed"": [], ""priority_audit_seconds"": 0.0}",runs/y15_h0_g1.json
15,0,2,whole_body_total_heat_v1,0.9711727456437672,4.95,650.0,feasible,success,"{""C"": true, ""E"": true, ""S"": true, ""R"": true}","{""energy_wh"": -534.0, ""body_power_w"": 16.783574370240345}","{""equipment_unavailable"": 0.0, ""initial_equipment_unavailable"": 0.0}","{""soc_lower"": -0.7901112646413714, ""soc_upper"": 0.0, ""time_alignment_hours"": -1e-09, ""electrical_balance_wh"": -1e-08, ""battery_temperature_state_c"": 0.0, ""forcing_alignment"": 0.0, ""pwm_lower"": -0.0, ""pwm_mask"": 0.0, ""equipment_availability"": 0.0, ""pv_lower_w"": -0.0, ""pv_upper_w"": 0.0, ""equipment_hysteresis"": 0.0, ""sensor_filter_state_c"": 0.0, ""priority_conformance"": -1.0099999963817737e-07, ""discharge_w"": -793.0, ""charge_w"": -455.0, ""bus_w"": -93.0, ""service"": 0.0, ""service_oversupply"": 0.0, ""terminal_soc"": -0.6901112646413714}",,"{""scheduled_steps"": 30, ""observed_steps"": 30, ""full_duration_hours"": 3.0, ""observed_duration_hours"": 3.0, ""mean_thermal_score_observed"": 0.9711727456437672, ""whole_body_unmet_heat_wh"": 0.0, ""service_floor_shortfall_duration_hours"": 0.0, ""allocation_deficit_duration_hours"": [0.5, 0.7999999999999999, 0.0, 1.3, 1.3, 0.8999999999999999, 1.2, 1.2, null, null, null, null], ""allocation_unmet_heat_wh"": [0.046083659755946194, 0.04609686095651489, 0.0, 7.254263349745117, 1.1313672918587212, 1.131356900309172, 1.3106890752301918, 1.3106851474904846, null, null, null, null], ""electrical_load_energy_wh"": 143.89986182276635, ""pv_available_energy_wh"": 0.0, ""pv_used_energy_wh"": 0.0, ""pv_curtailed_energy_wh"": 0.0, ""discharged_ah"": 13.324061279885768, ""minimum_soc"": 0.8401112646413714, ""observed_end_soc"": 0.8401112646413714, ""terminal_soc"": 0.8401112646413714, ""low_soc_duration_hours"": 0.0, ""peak_load_w"": 107.0, ""equipment_on_duration_hours"": 0.0, ""air_temperature_range_c"": {""minimum"": -11.2, ""maximum"": -8.8}, ""filtered_air_temperature_range_c"": {""minimum"": -11.2, ""maximum"": -8.8}, ""battery_temperature_range_c"": {""minimum"": 2.6679300185971493, ""maximum"": 20.0}, ""priority_groups_observed"": [[0.8566179150727525, 0.7630018329113268, 0.8415461392404341], [0.8566179150727525, 0.7630018329113268, 0.8415461392404341], [0.8566179150727525, 0.7630018329113268, 0.8415461392404341], [0.8566179150727525, 0.7630018329113268, 0.8415461392404341], [0.8566179150727525, 0.7630018329113268, 0.8415461392404341], [0.9233810114921733, 0.9310100480794444, 0.9999990000000001], [0.9233810114921733, 0.9310100480794444, 0.9999990000000001], [1.0, 1.0, 1.0], [1.0, 1.0, 1.0], [1.0, 1.0, 1.0], [1.0, 1.0, 1.0], [1.0, 1.0, 1.0], [0.9069674261907866, 0.887668866825682, 0.9790465442930317], [0.9069674261907866, 0.887668866825682, 0.9790465442930317], [1.0, 1.0, 1.0], [1.0, 1.0, 1.0], [1.0, 1.0, 1.0], [1.0, 1.0, 1.0], [1.0, 1.0, 1.0], [0.9069674261907866, 0.887668866825682, 0.9790465442930317], [0.927822546445831, 0.9427411325227286, 0.9999989999999996], [1.0, 1.0, 1.0], [1.0, 1.0, 1.0], [1.0, 1.0, 1.0], [1.0, 1.0, 1.0], [1.0, 1.0, 1.0], [0.9726182487105202, 0.9999990000000001, 0.9999990000000001], [0.9726182487105202, 0.9999990000000001, 0.9999990000000001], [1.0, 1.0, 1.0], [1.0, 1.0, 1.0]], ""priority_audit_seconds"": 0.8200936647481285}",runs/y15_h0_g2.json
15,0,3,whole_body_total_heat_v1,0.6457480899723209,4.75,550.0,policy_failure,failed,"{""C"": false, ""E"": null, ""S"": null, ""R"": null}","{""energy_wh"": -534.0, ""body_power_w"": 337.6692318631293}","{""equipment_unavailable"": 0.0, ""initial_equipment_unavailable"": 0.0}","{""soc_lower"": -0.95, ""soc_upper"": 0.0, ""time_alignment_hours"": -1e-09, ""electrical_balance_wh"": -1e-08, ""battery_temperature_state_c"": 0.0, ""forcing_alignment"": 0.0}",Only 0 of 30 intervals are present; unseen intervals were not imputed.,"{""scheduled_steps"": 30, ""observed_steps"": 0, ""full_duration_hours"": 3.0, ""observed_duration_hours"": 0.0, ""mean_thermal_score_observed"": null, ""whole_body_unmet_heat_wh"": 0.0, ""service_floor_shortfall_duration_hours"": 0.0, ""allocation_deficit_duration_hours"": [0.0, 0.0, 0.0, 0.0, 0.0, 0.0, 0.0, 0.0, null, null, null, null], ""allocation_unmet_heat_wh"": [0.0, 0.0, 0.0, 0.0, 0.0, 0.0, 0.0, 0.0, null, null, null, null], ""electrical_load_energy_wh"": 0.0, ""pv_available_energy_wh"": 0.0, ""pv_used_energy_wh"": 0.0, ""pv_curtailed_energy_wh"": 0.0, ""discharged_ah"": 0.0, ""minimum_soc"": 1.0, ""observed_end_soc"": 1.0, ""terminal_soc"": null, ""low_soc_duration_hours"": 0.0, ""peak_load_w"": null, ""equipment_on_duration_hours"": 0.0, ""air_temperature_range_c"": null, ""filtered_air_temperature_range_c"": null, ""battery_temperature_range_c"": {""minimum"": 20.0, ""maximum"": 20.0}, ""priority_groups_observed"": [], ""priority_audit_seconds"": 0.0}",runs/y15_h0_g3.json
16,0,0,whole_body_total_heat_v1,1.0,6.0,1110.0,feasible,success,"{""C"": true, ""E"": true, ""S"": true, ""R"": true}","{""energy_wh"": -393.0, ""body_power_w"": -65.29319233476953}","{""equipment_unavailable"": 0.0, ""initial_equipment_unavailable"": 0.0}","{""soc_lower"": -0.8342455123594691, ""soc_upper"": 0.0, ""time_alignment_hours"": -1e-09, ""electrical_balance_wh"": -1e-08, ""battery_temperature_state_c"": 0.0, ""forcing_alignment"": 0.0, ""pwm_lower"": -0.0, ""pwm_mask"": -0.34685391078853056, ""equipment_availability"": 0.0, ""pv_lower_w"": -0.0, ""pv_upper_w"": 0.0, ""equipment_hysteresis"": 0.0, ""sensor_filter_state_c"": 0.0, ""priority_conformance"": -1.0099999986022198e-07, ""discharge_w"": -866.5675918325834, ""charge_w"": -485.0, ""bus_w"": -106.56759183258342, ""service"": 0.0, ""service_oversupply"": 0.0, ""terminal_soc"": -0.7342455123594691}",,"{""scheduled_steps"": 30, ""observed_steps"": 30, ""full_duration_hours"": 3.0, ""observed_duration_hours"": 3.0, ""mean_thermal_score_observed"": 1.0, ""whole_body_unmet_heat_wh"": 0.0, ""service_floor_shortfall_duration_hours"": 0.0, ""allocation_deficit_duration_hours"": [0.8999999999999999, 0.8999999999999999, 0.0, 0.0, 0.5, 0.7999999999999999, 0.7, 1.0999999999999999, 0.1, 0.1, 0.0, 0.0], ""allocation_unmet_heat_wh"": [7.4773311979914325e-06, 2.0596198255429245e-05, 0.0, 0.0, 1.5617197562534105e-05, 2.5116296897920164e-05, 9.236559022385295e-06, 1.4216913221876127e-05, 8.881784197001253e-17, 8.881784197001253e-17, 0.0, 0.0], ""electrical_load_energy_wh"": 111.1243081349098, ""pv_available_energy_wh"": 0.0, ""pv_used_energy_wh"": 0.0, ""pv_curtailed_energy_wh"": 0.0, ""discharged_ah"": 10.289287790269425, ""minimum_soc"": 0.8842455123594691, ""observed_end_soc"": 0.8842455123594691, ""terminal_soc"": 0.8842455123594691, ""low_soc_duration_hours"": 0.0, ""peak_load_w"": 93.43240816741658, ""equipment_on_duration_hours"": 0.0, ""air_temperature_range_c"": {""minimum"": -11.2, ""maximum"": -8.8}, ""filtered_air_temperature_range_c"": {""minimum"": -11.2, ""maximum"": -8.8}, ""battery_temperature_range_c"": {""minimum"": 3.3574204355334833, ""maximum"": 20.0}, ""priority_groups_observed"": [[0.9999990000000001, 0.999999, 0.999999], [0.9999990000000001, 0.999999, 0.999999], [0.9999990000000001, 0.999999, 0.999999], [0.9999990000000001, 0.999999, 0.999999], [0.9999990000000001, 0.999999, 0.999999], [0.9999990000000001, 0.999999, 0.999999], [0.9999990000000001, 0.999999, 0.999999], [1.0, 1.0, 1.0], [1.0, 1.0, 1.0], [1.0, 1.0, 1.0], [1.0, 1.0, 1.0], [1.0, 1.0, 1.0], [0.9999990000000001, 0.999999, 0.999999], [0.9999990000000001, 0.999999, 0.999999], [1.0, 1.0, 1.0], [1.0, 1.0, 1.0], [1.0, 1.0, 1.0], [1.0, 1.0, 1.0], [1.0, 1.0, 1.0], [0.9999990000000001, 0.999999, 0.999999], [0.9999990000000001, 0.999999, 0.9999989999999999], [1.0, 1.0, 1.0], [1.0, 1.0, 1.0], [1.0, 1.0, 1.0], [1.0, 1.0, 1.0], [1.0, 1.0, 1.0], [0.9999990000000001, 0.999999, 0.999999], [0.9999990000000001, 0.999999, 0.999999], [1.0, 1.0, 1.0], [1.0, 1.0, 1.0]], ""priority_audit_seconds"": 0.9027019180357456}",runs/y16_h0_g0.json
16,0,1,whole_body_total_heat_v1,0.7914577584928468,5.5,910.0,policy_failure,failed,"{""C"": false, ""E"": null, ""S"": null, ""R"": null}","{""energy_wh"": -393.0, ""body_power_w"": 143.82199391049215}","{""equipment_unavailable"": 0.0, ""initial_equipment_unavailable"": 0.0}","{""soc_lower"": -0.95, ""soc_upper"": 0.0, ""time_alignment_hours"": -1e-09, ""electrical_balance_wh"": -1e-08, ""battery_temperature_state_c"": 0.0, ""forcing_alignment"": 0.0}",Only 0 of 30 intervals are present; unseen intervals were not imputed.,"{""scheduled_steps"": 30, ""observed_steps"": 0, ""full_duration_hours"": 3.0, ""observed_duration_hours"": 0.0, ""mean_thermal_score_observed"": null, ""whole_body_unmet_heat_wh"": 0.0, ""service_floor_shortfall_duration_hours"": 0.0, ""allocation_deficit_duration_hours"": [0.0, 0.0, 0.0, 0.0, 0.0, 0.0, 0.0, 0.0, 0.0, 0.0, 0.0, 0.0], ""allocation_unmet_heat_wh"": [0.0, 0.0, 0.0, 0.0, 0.0, 0.0, 0.0, 0.0, 0.0, 0.0, 0.0, 0.0], ""electrical_load_energy_wh"": 0.0, ""pv_available_energy_wh"": 0.0, ""pv_used_energy_wh"": 0.0, ""pv_curtailed_energy_wh"": 0.0, ""discharged_ah"": 0.0, ""minimum_soc"": 1.0, ""observed_end_soc"": 1.0, ""terminal_soc"": null, ""low_soc_duration_hours"": 0.0, ""peak_load_w"": null, ""equipment_on_duration_hours"": 0.0, ""air_temperature_range_c"": null, ""filtered_air_temperature_range_c"": null, ""battery_temperature_range_c"": {""minimum"": 20.0, ""maximum"": 20.0}, ""priority_groups_observed"": [], ""priority_audit_seconds"": 0.0}",runs/y16_h0_g1.json
16,0,2,whole_body_total_heat_v1,0.9711727456437672,5.2,660.0,feasible,success,"{""C"": true, ""E"": true, ""S"": true, ""R"": true}","{""energy_wh"": -591.0, ""body_power_w"": 16.783574370240345}","{""equipment_unavailable"": 0.0, ""initial_equipment_unavailable"": 0.0}","{""soc_lower"": -0.8001043106012858, ""soc_upper"": 0.0, ""time_alignment_hours"": -1e-09, ""electrical_balance_wh"": -1e-08, ""battery_temperature_state_c"": 0.0, ""forcing_alignment"": 0.0, ""pwm_lower"": -0.0, ""pwm_mask"": 0.0, ""equipment_availability"": 0.0, ""pv_lower_w"": -0.0, ""pv_upper_w"": 0.0, ""equipment_hysteresis"": 0.0, ""sensor_filter_state_c"": 0.0, ""priority_conformance"": -1.0099999963817737e-07, ""discharge_w"": -853.0, ""charge_w"": -485.0, ""bus_w"": -93.0, ""service"": 0.0, ""service_oversupply"": 0.0, ""terminal_soc"": -0.7001043106012859}",,"{""scheduled_steps"": 30, ""observed_steps"": 30, ""full_duration_hours"": 3.0, ""observed_duration_hours"": 3.0, ""mean_thermal_score_observed"": 0.9711727456437672, ""whole_body_unmet_heat_wh"": 0.0, ""service_floor_shortfall_duration_hours"": 0.0, ""allocation_deficit_duration_hours"": [0.5, 0.7999999999999999, 0.0, 1.3, 1.3, 0.8999999999999999, 1.2, 1.2, null, null, null, null], ""allocation_unmet_heat_wh"": [0.046083659755946194, 0.04609686095651489, 0.0, 7.254263349745117, 1.1313672918587212, 1.131356900309172, 1.3106890752301918, 1.3106851474904846, null, null, null, null], ""electrical_load_energy_wh"": 143.89986182276635, ""pv_available_energy_wh"": 0.0, ""pv_used_energy_wh"": 0.0, ""pv_curtailed_energy_wh"": 0.0, ""discharged_ah"": 13.324061279885768, ""minimum_soc"": 0.8501043106012859, ""observed_end_soc"": 0.8501043106012859, ""terminal_soc"": 0.8501043106012859, ""low_soc_duration_hours"": 0.0, ""peak_load_w"": 107.0, ""equipment_on_duration_hours"": 0.0, ""air_temperature_range_c"": {""minimum"": -11.2, ""maximum"": -8.8}, ""filtered_air_temperature_range_c"": {""minimum"": -11.2, ""maximum"": -8.8}, ""battery_temperature_range_c"": {""minimum"": 3.3574204355334833, ""maximum"": 20.0}, ""priority_groups_observed"": [[0.8566179150727525, 0.7630018329113268, 0.8415461392404341], [0.8566179150727525, 0.7630018329113268, 0.8415461392404341], [0.8566179150727525, 0.7630018329113268, 0.8415461392404341], [0.8566179150727525, 0.7630018329113268, 0.8415461392404341], [0.8566179150727525, 0.7630018329113268, 0.8415461392404341], [0.9233810114921733, 0.9310100480794444, 0.9999990000000001], [0.9233810114921733, 0.9310100480794444, 0.9999990000000001], [1.0, 1.0, 1.0], [1.0, 1.0, 1.0], [1.0, 1.0, 1.0], [1.0, 1.0, 1.0], [1.0, 1.0, 1.0], [0.9069674261907866, 0.887668866825682, 0.9790465442930317], [0.9069674261907866, 0.887668866825682, 0.9790465442930317], [1.0, 1.0, 1.0], [1.0, 1.0, 1.0], [1.0, 1.0, 1.0], [1.0, 1.0, 1.0], [1.0, 1.0, 1.0], [0.9069674261907866, 0.887668866825682, 0.9790465442930317], [0.927822546445831, 0.9427411325227286, 0.9999989999999996], [1.0, 1.0, 1.0], [1.0, 1.0, 1.0], [1.0, 1.0, 1.0], [1.0, 1.0, 1.0], [1.0, 1.0, 1.0], [0.9726182487105202, 0.9999990000000001, 0.9999990000000001], [0.9726182487105202, 0.9999990000000001, 0.9999990000000001], [1.0, 1.0, 1.0], [1.0, 1.0, 1.0]], ""priority_audit_seconds"": 0.7763540841988288}",runs/y16_h0_g2.json
16,0,3,whole_body_total_heat_v1,0.6457480899723209,5.0,560.0,policy_failure,failed,"{""C"": false, ""E"": null, ""S"": null, ""R"": null}","{""energy_wh"": -591.0, ""body_power_w"": 337.6692318631293}","{""equipment_unavailable"": 0.0, ""initial_equipment_unavailable"": 0.0}","{""soc_lower"": -0.95, ""soc_upper"": 0.0, ""time_alignment_hours"": -1e-09, ""electrical_balance_wh"": -1e-08, ""battery_temperature_state_c"": 0.0, ""forcing_alignment"": 0.0}",Only 0 of 30 intervals are present; unseen intervals were not imputed.,"{""scheduled_steps"": 30, ""observed_steps"": 0, ""full_duration_hours"": 3.0, ""observed_duration_hours"": 0.0, ""mean_thermal_score_observed"": null, ""whole_body_unmet_heat_wh"": 0.0, ""service_floor_shortfall_duration_hours"": 0.0, ""allocation_deficit_duration_hours"": [0.0, 0.0, 0.0, 0.0, 0.0, 0.0, 0.0, 0.0, null, null, null, null], ""allocation_unmet_heat_wh"": [0.0, 0.0, 0.0, 0.0, 0.0, 0.0, 0.0, 0.0, null, null, null, null], ""electrical_load_energy_wh"": 0.0, ""pv_available_energy_wh"": 0.0, ""pv_used_energy_wh"": 0.0, ""pv_curtailed_energy_wh"": 0.0, ""discharged_ah"": 0.0, ""minimum_soc"": 1.0, ""observed_end_soc"": 1.0, ""terminal_soc"": null, ""low_soc_duration_hours"": 0.0, ""peak_load_w"": null, ""equipment_on_duration_hours"": 0.0, ""air_temperature_range_c"": null, ""filtered_air_temperature_range_c"": null, ""battery_temperature_range_c"": {""minimum"": 20.0, ""maximum"": 20.0}, ""priority_groups_observed"": [], ""priority_audit_seconds"": 0.0}",runs/y16_h0_g3.json
17,0,0,whole_body_total_heat_v1,1.0,6.25,1120.0,feasible,success,"{""C"": true, ""E"": true, ""S"": true, ""R"": true}","{""energy_wh"": -450.0, ""body_power_w"": -65.29319233476953}","{""equipment_unavailable"": 0.0, ""initial_equipment_unavailable"": 0.0}","{""soc_lower"": -0.8410545998677356, ""soc_upper"": 0.0, ""time_alignment_hours"": -1e-09, ""electrical_balance_wh"": -1e-08, ""battery_temperature_state_c"": 0.0, ""forcing_alignment"": 0.0, ""pwm_lower"": -0.0, ""pwm_mask"": -0.34685391078853056, ""equipment_availability"": 0.0, ""pv_lower_w"": -0.0, ""pv_upper_w"": 0.0, ""equipment_hysteresis"": 0.0, ""sensor_filter_state_c"": 0.0, ""priority_conformance"": -1.0099999986022198e-07, ""discharge_w"": -926.5675918325834, ""charge_w"": -515.0, ""bus_w"": -106.56759183258342, ""service"": 0.0, ""service_oversupply"": 0.0, ""terminal_soc"": -0.7410545998677356}",,"{""scheduled_steps"": 30, ""observed_steps"": 30, ""full_duration_hours"": 3.0, ""observed_duration_hours"": 3.0, ""mean_thermal_score_observed"": 1.0, ""whole_body_unmet_heat_wh"": 0.0, ""service_floor_shortfall_duration_hours"": 0.0, ""allocation_deficit_duration_hours"": [0.8999999999999999, 0.8999999999999999, 0.0, 0.0, 0.5, 0.7999999999999999, 0.7, 1.0999999999999999, 0.1, 0.1, 0.0, 0.0], ""allocation_unmet_heat_wh"": [7.4773311979914325e-06, 2.0596198255429245e-05, 0.0, 0.0, 1.5617197562534105e-05, 2.5116296897920164e-05, 9.236559022385295e-06, 1.4216913221876127e-05, 8.881784197001253e-17, 8.881784197001253e-17, 0.0, 0.0], ""electrical_load_energy_wh"": 111.1243081349098, ""pv_available_energy_wh"": 0.0, ""pv_used_energy_wh"": 0.0, ""pv_curtailed_energy_wh"": 0.0, ""discharged_ah"": 10.289287790269425, ""minimum_soc"": 0.8910545998677356, ""observed_end_soc"": 0.8910545998677356, ""terminal_soc"": 0.8910545998677356, ""low_soc_duration_hours"": 0.0, ""peak_load_w"": 93.43240816741658, ""equipment_on_duration_hours"": 0.0, ""air_temperature_range_c"": {""minimum"": -11.2, ""maximum"": -8.8}, ""filtered_air_temperature_range_c"": {""minimum"": -11.2, ""maximum"": -8.8}, ""battery_temperature_range_c"": {""minimum"": 3.9987294234040585, ""maximum"": 20.0}, ""priority_groups_observed"": [[0.9999990000000001, 0.999999, 0.999999], [0.9999990000000001, 0.999999, 0.999999], [0.9999990000000001, 0.999999, 0.999999], [0.9999990000000001, 0.999999, 0.999999], [0.9999990000000001, 0.999999, 0.999999], [0.9999990000000001, 0.999999, 0.999999], [0.9999990000000001, 0.999999, 0.999999], [1.0, 1.0, 1.0], [1.0, 1.0, 1.0], [1.0, 1.0, 1.0], [1.0, 1.0, 1.0], [1.0, 1.0, 1.0], [0.9999990000000001, 0.999999, 0.999999], [0.9999990000000001, 0.999999, 0.999999], [1.0, 1.0, 1.0], [1.0, 1.0, 1.0], [1.0, 1.0, 1.0], [1.0, 1.0, 1.0], [1.0, 1.0, 1.0], [0.9999990000000001, 0.999999, 0.999999], [0.9999990000000001, 0.999999, 0.9999989999999999], [1.0, 1.0, 1.0], [1.0, 1.0, 1.0], [1.0, 1.0, 1.0], [1.0, 1.0, 1.0], [1.0, 1.0, 1.0], [0.9999990000000001, 0.999999, 0.999999], [0.9999990000000001, 0.999999, 0.999999], [1.0, 1.0, 1.0], [1.0, 1.0, 1.0]], ""priority_audit_seconds"": 0.9102888739435002}",runs/y17_h0_g0.json
17,0,1,whole_body_total_heat_v1,0.7914577584928468,5.75,920.0,policy_failure,failed,"{""C"": false, ""E"": null, ""S"": null, ""R"": null}","{""energy_wh"": -450.0, ""body_power_w"": 143.82199391049215}","{""equipment_unavailable"": 0.0, ""initial_equipment_unavailable"": 0.0}","{""soc_lower"": -0.95, ""soc_upper"": 0.0, ""time_alignment_hours"": -1e-09, ""electrical_balance_wh"": -1e-08, ""battery_temperature_state_c"": 0.0, ""forcing_alignment"": 0.0}",Only 0 of 30 intervals are present; unseen intervals were not imputed.,"{""scheduled_steps"": 30, ""observed_steps"": 0, ""full_duration_hours"": 3.0, ""observed_duration_hours"": 0.0, ""mean_thermal_score_observed"": null, ""whole_body_unmet_heat_wh"": 0.0, ""service_floor_shortfall_duration_hours"": 0.0, ""allocation_deficit_duration_hours"": [0.0, 0.0, 0.0, 0.0, 0.0, 0.0, 0.0, 0.0, 0.0, 0.0, 0.0, 0.0], ""allocation_unmet_heat_wh"": [0.0, 0.0, 0.0, 0.0, 0.0, 0.0, 0.0, 0.0, 0.0, 0.0, 0.0, 0.0], ""electrical_load_energy_wh"": 0.0, ""pv_available_energy_wh"": 0.0, ""pv_used_energy_wh"": 0.0, ""pv_curtailed_energy_wh"": 0.0, ""discharged_ah"": 0.0, ""minimum_soc"": 1.0, ""observed_end_soc"": 1.0, ""terminal_soc"": null, ""low_soc_duration_hours"": 0.0, ""peak_load_w"": null, ""equipment_on_duration_hours"": 0.0, ""air_temperature_range_c"": null, ""filtered_air_temperature_range_c"": null, ""battery_temperature_range_c"": {""minimum"": 20.0, ""maximum"": 20.0}, ""priority_groups_observed"": [], ""priority_audit_seconds"": 0.0}",runs/y17_h0_g1.json
17,0,2,whole_body_total_heat_v1,0.9711727456437672,5.45,670.0,feasible,success,"{""C"": true, ""E"": true, ""S"": true, ""R"": true}","{""energy_wh"": -648.0, ""body_power_w"": 16.783574370240345}","{""equipment_unavailable"": 0.0, ""initial_equipment_unavailable"": 0.0}","{""soc_lower"": -0.808921704095327, ""soc_upper"": 0.0, ""time_alignment_hours"": -1e-09, ""electrical_balance_wh"": -1e-08, ""battery_temperature_state_c"": 0.0, ""forcing_alignment"": 0.0, ""pwm_lower"": -0.0, ""pwm_mask"": 0.0, ""equipment_availability"": 0.0, ""pv_lower_w"": -0.0, ""pv_upper_w"": 0.0, ""equipment_hysteresis"": 0.0, ""sensor_filter_state_c"": 0.0, ""priority_conformance"": -1.0099999963817737e-07, ""discharge_w"": -913.0, ""charge_w"": -515.0, ""bus_w"": -93.0, ""service"": 0.0, ""service_oversupply"": 0.0, ""terminal_soc"": -0.7089217040953271}",,"{""scheduled_steps"": 30, ""observed_steps"": 30, ""full_duration_hours"": 3.0, ""observed_duration_hours"": 3.0, ""mean_thermal_score_observed"": 0.9711727456437672, ""whole_body_unmet_heat_wh"": 0.0, ""service_floor_shortfall_duration_hours"": 0.0, ""allocation_deficit_duration_hours"": [0.5, 0.7999999999999999, 0.0, 1.3, 1.3, 0.8999999999999999, 1.2, 1.2, null, null, null, null], ""allocation_unmet_heat_wh"": [0.046083659755946194, 0.04609686095651489, 0.0, 7.254263349745117, 1.1313672918587212, 1.131356900309172, 1.3106890752301918, 1.3106851474904846, null, null, null, null], ""electrical_load_energy_wh"": 143.89986182276635, ""pv_available_energy_wh"": 0.0, ""pv_used_energy_wh"": 0.0, ""pv_curtailed_energy_wh"": 0.0, ""discharged_ah"": 13.324061279885768, ""minimum_soc"": 0.8589217040953271, ""observed_end_soc"": 0.8589217040953271, ""terminal_soc"": 0.8589217040953271, ""low_soc_duration_hours"": 0.0, ""peak_load_w"": 107.0, ""equipment_on_duration_hours"": 0.0, ""air_temperature_range_c"": {""minimum"": -11.2, ""maximum"": -8.8}, ""filtered_air_temperature_range_c"": {""minimum"": -11.2, ""maximum"": -8.8}, ""battery_temperature_range_c"": {""minimum"": 3.9987294234040585, ""maximum"": 20.0}, ""priority_groups_observed"": [[0.8566179150727525, 0.7630018329113268, 0.8415461392404341], [0.8566179150727525, 0.7630018329113268, 0.8415461392404341], [0.8566179150727525, 0.7630018329113268, 0.8415461392404341], [0.8566179150727525, 0.7630018329113268, 0.8415461392404341], [0.8566179150727525, 0.7630018329113268, 0.8415461392404341], [0.9233810114921733, 0.9310100480794444, 0.9999990000000001], [0.9233810114921733, 0.9310100480794444, 0.9999990000000001], [1.0, 1.0, 1.0], [1.0, 1.0, 1.0], [1.0, 1.0, 1.0], [1.0, 1.0, 1.0], [1.0, 1.0, 1.0], [0.9069674261907866, 0.887668866825682, 0.9790465442930317], [0.9069674261907866, 0.887668866825682, 0.9790465442930317], [1.0, 1.0, 1.0], [1.0, 1.0, 1.0], [1.0, 1.0, 1.0], [1.0, 1.0, 1.0], [1.0, 1.0, 1.0], [0.9069674261907866, 0.887668866825682, 0.9790465442930317], [0.927822546445831, 0.9427411325227286, 0.9999989999999996], [1.0, 1.0, 1.0], [1.0, 1.0, 1.0], [1.0, 1.0, 1.0], [1.0, 1.0, 1.0], [1.0, 1.0, 1.0], [0.9726182487105202, 0.9999990000000001, 0.9999990000000001], [0.9726182487105202, 0.9999990000000001, 0.9999990000000001], [1.0, 1.0, 1.0], [1.0, 1.0, 1.0]], ""priority_audit_seconds"": 0.8373284998815507}",runs/y17_h0_g2.json
17,0,3,whole_body_total_heat_v1,0.6457480899723209,5.25,570.0,policy_failure,failed,"{""C"": false, ""E"": null, ""S"": null, ""R"": null}","{""energy_wh"": -648.0, ""body_power_w"": 337.6692318631293}","{""equipment_unavailable"": 0.0, ""initial_equipment_unavailable"": 0.0}","{""soc_lower"": -0.95, ""soc_upper"": 0.0, ""time_alignment_hours"": -1e-09, ""electrical_balance_wh"": -1e-08, ""battery_temperature_state_c"": 0.0, ""forcing_alignment"": 0.0}",Only 0 of 30 intervals are present; unseen intervals were not imputed.,"{""scheduled_steps"": 30, ""observed_steps"": 0, ""full_duration_hours"": 3.0, ""observed_duration_hours"": 0.0, ""mean_thermal_score_observed"": null, ""whole_body_unmet_heat_wh"": 0.0, ""service_floor_shortfall_duration_hours"": 0.0, ""allocation_deficit_duration_hours"": [0.0, 0.0, 0.0, 0.0, 0.0, 0.0, 0.0, 0.0, null, null, null, null], ""allocation_unmet_heat_wh"": [0.0, 0.0, 0.0, 0.0, 0.0, 0.0, 0.0, 0.0, null, null, null, null], ""electrical_load_energy_wh"": 0.0, ""pv_available_energy_wh"": 0.0, ""pv_used_energy_wh"": 0.0, ""pv_curtailed_energy_wh"": 0.0, ""discharged_ah"": 0.0, ""minimum_soc"": 1.0, ""observed_end_soc"": 1.0, ""terminal_soc"": null, ""low_soc_duration_hours"": 0.0, ""peak_load_w"": null, ""equipment_on_duration_hours"": 0.0, ""air_temperature_range_c"": null, ""filtered_air_temperature_range_c"": null, ""battery_temperature_range_c"": {""minimum"": 20.0, ""maximum"": 20.0}, ""priority_groups_observed"": [], ""priority_audit_seconds"": 0.0}",runs/y17_h0_g3.json
18,0,0,whole_body_total_heat_v1,1.0,6.5,1130.0,feasible,success,"{""C"": true, ""E"": true, ""S"": true, ""R"": true}","{""energy_wh"": -507.0, ""body_power_w"": -65.29319233476953}","{""equipment_unavailable"": 0.0, ""initial_equipment_unavailable"": 0.0}","{""soc_lower"": -0.847107122097305, ""soc_upper"": 0.0, ""time_alignment_hours"": -1e-09, ""electrical_balance_wh"": -1e-08, ""battery_temperature_state_c"": 0.0, ""forcing_alignment"": 0.0, ""pwm_lower"": -0.0, ""pwm_mask"": -0.34685391078853056, ""equipment_availability"": 0.0, ""pv_lower_w"": -0.0, ""pv_upper_w"": 0.0, ""equipment_hysteresis"": 0.0, ""sensor_filter_state_c"": 0.0, ""priority_conformance"": -1.0099999986022198e-07, ""discharge_w"": -986.5675918325834, ""charge_w"": -545.0, ""bus_w"": -106.56759183258342, ""service"": 0.0, ""service_oversupply"": 0.0, ""terminal_soc"": -0.747107122097305}",,"{""scheduled_steps"": 30, ""observed_steps"": 30, ""full_duration_hours"": 3.0, ""observed_duration_hours"": 3.0, ""mean_thermal_score_observed"": 1.0, ""whole_body_unmet_heat_wh"": 0.0, ""service_floor_shortfall_duration_hours"": 0.0, ""allocation_deficit_duration_hours"": [0.8999999999999999, 0.8999999999999999, 0.0, 0.0, 0.5, 0.7999999999999999, 0.7, 1.0999999999999999, 0.1, 0.1, 0.0, 0.0], ""allocation_unmet_heat_wh"": [7.4773311979914325e-06, 2.0596198255429245e-05, 0.0, 0.0, 1.5617197562534105e-05, 2.5116296897920164e-05, 9.236559022385295e-06, 1.4216913221876127e-05, 8.881784197001253e-17, 8.881784197001253e-17, 0.0, 0.0], ""electrical_load_energy_wh"": 111.1243081349098, ""pv_available_energy_wh"": 0.0, ""pv_used_energy_wh"": 0.0, ""pv_curtailed_energy_wh"": 0.0, ""discharged_ah"": 10.289287790269425, ""minimum_soc"": 0.897107122097305, ""observed_end_soc"": 0.897107122097305, ""terminal_soc"": 0.897107122097305, ""low_soc_duration_hours"": 0.0, ""peak_load_w"": 93.43240816741658, ""equipment_on_duration_hours"": 0.0, ""air_temperature_range_c"": {""minimum"": -11.2, ""maximum"": -8.8}, ""filtered_air_temperature_range_c"": {""minimum"": -11.2, ""maximum"": -8.8}, ""battery_temperature_range_c"": {""minimum"": 4.596006110714933, ""maximum"": 20.0}, ""priority_groups_observed"": [[0.9999990000000001, 0.999999, 0.999999], [0.9999990000000001, 0.999999, 0.999999], [0.9999990000000001, 0.999999, 0.999999], [0.9999990000000001, 0.999999, 0.999999], [0.9999990000000001, 0.999999, 0.999999], [0.9999990000000001, 0.999999, 0.999999], [0.9999990000000001, 0.999999, 0.999999], [1.0, 1.0, 1.0], [1.0, 1.0, 1.0], [1.0, 1.0, 1.0], [1.0, 1.0, 1.0], [1.0, 1.0, 1.0], [0.9999990000000001, 0.999999, 0.999999], [0.9999990000000001, 0.999999, 0.999999], [1.0, 1.0, 1.0], [1.0, 1.0, 1.0], [1.0, 1.0, 1.0], [1.0, 1.0, 1.0], [1.0, 1.0, 1.0], [0.9999990000000001, 0.999999, 0.999999], [0.9999990000000001, 0.999999, 0.9999989999999999], [1.0, 1.0, 1.0], [1.0, 1.0, 1.0], [1.0, 1.0, 1.0], [1.0, 1.0, 1.0], [1.0, 1.0, 1.0], [0.9999990000000001, 0.999999, 0.999999], [0.9999990000000001, 0.999999, 0.999999], [1.0, 1.0, 1.0], [1.0, 1.0, 1.0]], ""priority_audit_seconds"": 1.1103880429291166}",runs/y18_h0_g0.json
18,0,1,whole_body_total_heat_v1,0.7914577584928468,6.0,930.0,policy_failure,failed,"{""C"": false, ""E"": null, ""S"": null, ""R"": null}","{""energy_wh"": -507.0, ""body_power_w"": 143.82199391049215}","{""equipment_unavailable"": 0.0, ""initial_equipment_unavailable"": 0.0}","{""soc_lower"": -0.95, ""soc_upper"": 0.0, ""time_alignment_hours"": -1e-09, ""electrical_balance_wh"": -1e-08, ""battery_temperature_state_c"": 0.0, ""forcing_alignment"": 0.0}",Only 0 of 30 intervals are present; unseen intervals were not imputed.,"{""scheduled_steps"": 30, ""observed_steps"": 0, ""full_duration_hours"": 3.0, ""observed_duration_hours"": 0.0, ""mean_thermal_score_observed"": null, ""whole_body_unmet_heat_wh"": 0.0, ""service_floor_shortfall_duration_hours"": 0.0, ""allocation_deficit_duration_hours"": [0.0, 0.0, 0.0, 0.0, 0.0, 0.0, 0.0, 0.0, 0.0, 0.0, 0.0, 0.0], ""allocation_unmet_heat_wh"": [0.0, 0.0, 0.0, 0.0, 0.0, 0.0, 0.0, 0.0, 0.0, 0.0, 0.0, 0.0], ""electrical_load_energy_wh"": 0.0, ""pv_available_energy_wh"": 0.0, ""pv_used_energy_wh"": 0.0, ""pv_curtailed_energy_wh"": 0.0, ""discharged_ah"": 0.0, ""minimum_soc"": 1.0, ""observed_end_soc"": 1.0, ""terminal_soc"": null, ""low_soc_duration_hours"": 0.0, ""peak_load_w"": null, ""equipment_on_duration_hours"": 0.0, ""air_temperature_range_c"": null, ""filtered_air_temperature_range_c"": null, ""battery_temperature_range_c"": {""minimum"": 20.0, ""maximum"": 20.0}, ""priority_groups_observed"": [], ""priority_audit_seconds"": 0.0}",runs/y18_h0_g1.json
18,0,2,whole_body_total_heat_v1,0.9711727456437672,5.7,680.0,feasible,success,"{""C"": true, ""E"": true, ""S"": true, ""R"": true}","{""energy_wh"": -705.0, ""body_power_w"": 16.783574370240345}","{""equipment_unavailable"": 0.0, ""initial_equipment_unavailable"": 0.0}","{""soc_lower"": -0.8167593872011418, ""soc_upper"": 0.0, ""time_alignment_hours"": -1e-09, ""electrical_balance_wh"": -1e-08, ""battery_temperature_state_c"": 0.0, ""forcing_alignment"": 0.0, ""pwm_lower"": -0.0, ""pwm_mask"": 0.0, ""equipment_availability"": 0.0, ""pv_lower_w"": -0.0, ""pv_upper_w"": 0.0, ""equipment_hysteresis"": 0.0, ""sensor_filter_state_c"": 0.0, ""priority_conformance"": -1.0099999963817737e-07, ""discharge_w"": -973.0, ""charge_w"": -545.0, ""bus_w"": -93.0, ""service"": 0.0, ""service_oversupply"": 0.0, ""terminal_soc"": -0.7167593872011419}",,"{""scheduled_steps"": 30, ""observed_steps"": 30, ""full_duration_hours"": 3.0, ""observed_duration_hours"": 3.0, ""mean_thermal_score_observed"": 0.9711727456437672, ""whole_body_unmet_heat_wh"": 0.0, ""service_floor_shortfall_duration_hours"": 0.0, ""allocation_deficit_duration_hours"": [0.5, 0.7999999999999999, 0.0, 1.3, 1.3, 0.8999999999999999, 1.2, 1.2, null, null, null, null], ""allocation_unmet_heat_wh"": [0.046083659755946194, 0.04609686095651489, 0.0, 7.254263349745117, 1.1313672918587212, 1.131356900309172, 1.3106890752301918, 1.3106851474904846, null, null, null, null], ""electrical_load_energy_wh"": 143.89986182276635, ""pv_available_energy_wh"": 0.0, ""pv_used_energy_wh"": 0.0, ""pv_curtailed_energy_wh"": 0.0, ""discharged_ah"": 13.324061279885768, ""minimum_soc"": 0.8667593872011419, ""observed_end_soc"": 0.8667593872011419, ""terminal_soc"": 0.8667593872011419, ""low_soc_duration_hours"": 0.0, ""peak_load_w"": 107.0, ""equipment_on_duration_hours"": 0.0, ""air_temperature_range_c"": {""minimum"": -11.2, ""maximum"": -8.8}, ""filtered_air_temperature_range_c"": {""minimum"": -11.2, ""maximum"": -8.8}, ""battery_temperature_range_c"": {""minimum"": 4.596006110714933, ""maximum"": 20.0}, ""priority_groups_observed"": [[0.8566179150727525, 0.7630018329113268, 0.8415461392404341], [0.8566179150727525, 0.7630018329113268, 0.8415461392404341], [0.8566179150727525, 0.7630018329113268, 0.8415461392404341], [0.8566179150727525, 0.7630018329113268, 0.8415461392404341], [0.8566179150727525, 0.7630018329113268, 0.8415461392404341], [0.9233810114921733, 0.9310100480794444, 0.9999990000000001], [0.9233810114921733, 0.9310100480794444, 0.9999990000000001], [1.0, 1.0, 1.0], [1.0, 1.0, 1.0], [1.0, 1.0, 1.0], [1.0, 1.0, 1.0], [1.0, 1.0, 1.0], [0.9069674261907866, 0.887668866825682, 0.9790465442930317], [0.9069674261907866, 0.887668866825682, 0.9790465442930317], [1.0, 1.0, 1.0], [1.0, 1.0, 1.0], [1.0, 1.0, 1.0], [1.0, 1.0, 1.0], [1.0, 1.0, 1.0], [0.9069674261907866, 0.887668866825682, 0.9790465442930317], [0.927822546445831, 0.9427411325227286, 0.9999989999999996], [1.0, 1.0, 1.0], [1.0, 1.0, 1.0], [1.0, 1.0, 1.0], [1.0, 1.0, 1.0], [1.0, 1.0, 1.0], [0.9726182487105202, 0.9999990000000001, 0.9999990000000001], [0.9726182487105202, 0.9999990000000001, 0.9999990000000001], [1.0, 1.0, 1.0], [1.0, 1.0, 1.0]], ""priority_audit_seconds"": 0.7900585019378923}",runs/y18_h0_g2.json
18,0,3,whole_body_total_heat_v1,0.6457480899723209,5.5,580.0,policy_failure,failed,"{""C"": false, ""E"": null, ""S"": null, ""R"": null}","{""energy_wh"": -705.0, ""body_power_w"": 337.6692318631293}","{""equipment_unavailable"": 0.0, ""initial_equipment_unavailable"": 0.0}","{""soc_lower"": -0.95, ""soc_upper"": 0.0, ""time_alignment_hours"": -1e-09, ""electrical_balance_wh"": -1e-08, ""battery_temperature_state_c"": 0.0, ""forcing_alignment"": 0.0}",Only 0 of 30 intervals are present; unseen intervals were not imputed.,"{""scheduled_steps"": 30, ""observed_steps"": 0, ""full_duration_hours"": 3.0, ""observed_duration_hours"": 0.0, ""mean_thermal_score_observed"": null, ""whole_body_unmet_heat_wh"": 0.0, ""service_floor_shortfall_duration_hours"": 0.0, ""allocation_deficit_duration_hours"": [0.0, 0.0, 0.0, 0.0, 0.0, 0.0, 0.0, 0.0, null, null, null, null], ""allocation_unmet_heat_wh"": [0.0, 0.0, 0.0, 0.0, 0.0, 0.0, 0.0, 0.0, null, null, null, null], ""electrical_load_energy_wh"": 0.0, ""pv_available_energy_wh"": 0.0, ""pv_used_energy_wh"": 0.0, ""pv_curtailed_energy_wh"": 0.0, ""discharged_ah"": 0.0, ""minimum_soc"": 1.0, ""observed_end_soc"": 1.0, ""terminal_soc"": null, ""low_soc_duration_hours"": 0.0, ""peak_load_w"": null, ""equipment_on_duration_hours"": 0.0, ""air_temperature_range_c"": null, ""filtered_air_temperature_range_c"": null, ""battery_temperature_range_c"": {""minimum"": 20.0, ""maximum"": 20.0}, ""priority_groups_observed"": [], ""priority_audit_seconds"": 0.0}",runs/y18_h0_g3.json
19,0,0,whole_body_total_heat_v1,1.0,6.75,1140.0,feasible,success,"{""C"": true, ""E"": true, ""S"": true, ""R"": true}","{""energy_wh"": -564.0, ""body_power_w"": -65.29319233476953}","{""equipment_unavailable"": 0.0, ""initial_equipment_unavailable"": 0.0}","{""soc_lower"": -0.852522536723764, ""soc_upper"": 0.0, ""time_alignment_hours"": -1e-09, ""electrical_balance_wh"": -1e-08, ""battery_temperature_state_c"": 0.0, ""forcing_alignment"": 0.0, ""pwm_lower"": -0.0, ""pwm_mask"": -0.34685391078853056, ""equipment_availability"": 0.0, ""pv_lower_w"": -0.0, ""pv_upper_w"": 0.0, ""equipment_hysteresis"": 0.0, ""sensor_filter_state_c"": 0.0, ""priority_conformance"": -1.0099999986022198e-07, ""discharge_w"": -1046.5675918325835, ""charge_w"": -575.0, ""bus_w"": -106.56759183258342, ""service"": 0.0, ""service_oversupply"": 0.0, ""terminal_soc"": -0.752522536723764}",,"{""scheduled_steps"": 30, ""observed_steps"": 30, ""full_duration_hours"": 3.0, ""observed_duration_hours"": 3.0, ""mean_thermal_score_observed"": 1.0, ""whole_body_unmet_heat_wh"": 0.0, ""service_floor_shortfall_duration_hours"": 0.0, ""allocation_deficit_duration_hours"": [0.8999999999999999, 0.8999999999999999, 0.0, 0.0, 0.5, 0.7999999999999999, 0.7, 1.0999999999999999, 0.1, 0.1, 0.0, 0.0], ""allocation_unmet_heat_wh"": [7.4773311979914325e-06, 2.0596198255429245e-05, 0.0, 0.0, 1.5617197562534105e-05, 2.5116296897920164e-05, 9.236559022385295e-06, 1.4216913221876127e-05, 8.881784197001253e-17, 8.881784197001253e-17, 0.0, 0.0], ""electrical_load_energy_wh"": 111.1243081349098, ""pv_available_energy_wh"": 0.0, ""pv_used_energy_wh"": 0.0, ""pv_curtailed_energy_wh"": 0.0, ""discharged_ah"": 10.289287790269425, ""minimum_soc"": 0.902522536723764, ""observed_end_soc"": 0.902522536723764, ""terminal_soc"": 0.902522536723764, ""low_soc_duration_hours"": 0.0, ""peak_load_w"": 93.43240816741658, ""equipment_on_duration_hours"": 0.0, ""air_temperature_range_c"": {""minimum"": -11.2, ""maximum"": -8.8}, ""filtered_air_temperature_range_c"": {""minimum"": -11.2, ""maximum"": -8.8}, ""battery_temperature_range_c"": {""minimum"": 5.153097608449105, ""maximum"": 20.0}, ""priority_groups_observed"": [[0.9999990000000001, 0.999999, 0.999999], [0.9999990000000001, 0.999999, 0.999999], [0.9999990000000001, 0.999999, 0.999999], [0.9999990000000001, 0.999999, 0.999999], [0.9999990000000001, 0.999999, 0.999999], [0.9999990000000001, 0.999999, 0.999999], [0.9999990000000001, 0.999999, 0.999999], [1.0, 1.0, 1.0], [1.0, 1.0, 1.0], [1.0, 1.0, 1.0], [1.0, 1.0, 1.0], [1.0, 1.0, 1.0], [0.9999990000000001, 0.999999, 0.999999], [0.9999990000000001, 0.999999, 0.999999], [1.0, 1.0, 1.0], [1.0, 1.0, 1.0], [1.0, 1.0, 1.0], [1.0, 1.0, 1.0], [1.0, 1.0, 1.0], [0.9999990000000001, 0.999999, 0.999999], [0.9999990000000001, 0.999999, 0.9999989999999999], [1.0, 1.0, 1.0], [1.0, 1.0, 1.0], [1.0, 1.0, 1.0], [1.0, 1.0, 1.0], [1.0, 1.0, 1.0], [0.9999990000000001, 0.999999, 0.999999], [0.9999990000000001, 0.999999, 0.999999], [1.0, 1.0, 1.0], [1.0, 1.0, 1.0]], ""priority_audit_seconds"": 0.8862832483137026}",runs/y19_h0_g0.json
19,0,1,whole_body_total_heat_v1,0.7914577584928468,6.25,940.0,policy_failure,failed,"{""C"": false, ""E"": null, ""S"": null, ""R"": null}","{""energy_wh"": -564.0, ""body_power_w"": 143.82199391049215}","{""equipment_unavailable"": 0.0, ""initial_equipment_unavailable"": 0.0}","{""soc_lower"": -0.95, ""soc_upper"": 0.0, ""time_alignment_hours"": -1e-09, ""electrical_balance_wh"": -1e-08, ""battery_temperature_state_c"": 0.0, ""forcing_alignment"": 0.0}",Only 0 of 30 intervals are present; unseen intervals were not imputed.,"{""scheduled_steps"": 30, ""observed_steps"": 0, ""full_duration_hours"": 3.0, ""observed_duration_hours"": 0.0, ""mean_thermal_score_observed"": null, ""whole_body_unmet_heat_wh"": 0.0, ""service_floor_shortfall_duration_hours"": 0.0, ""allocation_deficit_duration_hours"": [0.0, 0.0, 0.0, 0.0, 0.0, 0.0, 0.0, 0.0, 0.0, 0.0, 0.0, 0.0], ""allocation_unmet_heat_wh"": [0.0, 0.0, 0.0, 0.0, 0.0, 0.0, 0.0, 0.0, 0.0, 0.0, 0.0, 0.0], ""electrical_load_energy_wh"": 0.0, ""pv_available_energy_wh"": 0.0, ""pv_used_energy_wh"": 0.0, ""pv_curtailed_energy_wh"": 0.0, ""discharged_ah"": 0.0, ""minimum_soc"": 1.0, ""observed_end_soc"": 1.0, ""terminal_soc"": null, ""low_soc_duration_hours"": 0.0, ""peak_load_w"": null, ""equipment_on_duration_hours"": 0.0, ""air_temperature_range_c"": null, ""filtered_air_temperature_range_c"": null, ""battery_temperature_range_c"": {""minimum"": 20.0, ""maximum"": 20.0}, ""priority_groups_observed"": [], ""priority_audit_seconds"": 0.0}",runs/y19_h0_g1.json
19,0,2,whole_body_total_heat_v1,0.9711727456437672,5.95,690.0,feasible,success,"{""C"": true, ""E"": true, ""S"": true, ""R"": true}","{""energy_wh"": -762.0, ""body_power_w"": 16.783574370240345}","{""equipment_unavailable"": 0.0, ""initial_equipment_unavailable"": 0.0}","{""soc_lower"": -0.823772051032662, ""soc_upper"": 0.0, ""time_alignment_hours"": -1e-09, ""electrical_balance_wh"": -1e-08, ""battery_temperature_state_c"": 0.0, ""forcing_alignment"": 0.0, ""pwm_lower"": -0.0, ""pwm_mask"": 0.0, ""equipment_availability"": 0.0, ""pv_lower_w"": -0.0, ""pv_upper_w"": 0.0, ""equipment_hysteresis"": 0.0, ""sensor_filter_state_c"": 0.0, ""priority_conformance"": -1.0099999963817737e-07, ""discharge_w"": -1033.0, ""charge_w"": -575.0, ""bus_w"": -93.0, ""service"": 0.0, ""service_oversupply"": 0.0, ""terminal_soc"": -0.7237720510326621}",,"{""scheduled_steps"": 30, ""observed_steps"": 30, ""full_duration_hours"": 3.0, ""observed_duration_hours"": 3.0, ""mean_thermal_score_observed"": 0.9711727456437672, ""whole_body_unmet_heat_wh"": 0.0, ""service_floor_shortfall_duration_hours"": 0.0, ""allocation_deficit_duration_hours"": [0.5, 0.7999999999999999, 0.0, 1.3, 1.3, 0.8999999999999999, 1.2, 1.2, null, null, null, null], ""allocation_unmet_heat_wh"": [0.046083659755946194, 0.04609686095651489, 0.0, 7.254263349745117, 1.1313672918587212, 1.131356900309172, 1.3106890752301918, 1.3106851474904846, null, null, null, null], ""electrical_load_energy_wh"": 143.89986182276635, ""pv_available_energy_wh"": 0.0, ""pv_used_energy_wh"": 0.0, ""pv_curtailed_energy_wh"": 0.0, ""discharged_ah"": 13.324061279885768, ""minimum_soc"": 0.8737720510326621, ""observed_end_soc"": 0.8737720510326621, ""terminal_soc"": 0.8737720510326621, ""low_soc_duration_hours"": 0.0, ""peak_load_w"": 107.0, ""equipment_on_duration_hours"": 0.0, ""air_temperature_range_c"": {""minimum"": -11.2, ""maximum"": -8.8}, ""filtered_air_temperature_range_c"": {""minimum"": -11.2, ""maximum"": -8.8}, ""battery_temperature_range_c"": {""minimum"": 5.153097608449105, ""maximum"": 20.0}, ""priority_groups_observed"": [[0.8566179150727525, 0.7630018329113268, 0.8415461392404341], [0.8566179150727525, 0.7630018329113268, 0.8415461392404341], [0.8566179150727525, 0.7630018329113268, 0.8415461392404341], [0.8566179150727525, 0.7630018329113268, 0.8415461392404341], [0.8566179150727525, 0.7630018329113268, 0.8415461392404341], [0.9233810114921733, 0.9310100480794444, 0.9999990000000001], [0.9233810114921733, 0.9310100480794444, 0.9999990000000001], [1.0, 1.0, 1.0], [1.0, 1.0, 1.0], [1.0, 1.0, 1.0], [1.0, 1.0, 1.0], [1.0, 1.0, 1.0], [0.9069674261907866, 0.887668866825682, 0.9790465442930317], [0.9069674261907866, 0.887668866825682, 0.9790465442930317], [1.0, 1.0, 1.0], [1.0, 1.0, 1.0], [1.0, 1.0, 1.0], [1.0, 1.0, 1.0], [1.0, 1.0, 1.0], [0.9069674261907866, 0.887668866825682, 0.9790465442930317], [0.927822546445831, 0.9427411325227286, 0.9999989999999996], [1.0, 1.0, 1.0], [1.0, 1.0, 1.0], [1.0, 1.0, 1.0], [1.0, 1.0, 1.0], [1.0, 1.0, 1.0], [0.9726182487105202, 0.9999990000000001, 0.9999990000000001], [0.9726182487105202, 0.9999990000000001, 0.9999990000000001], [1.0, 1.0, 1.0], [1.0, 1.0, 1.0]], ""priority_audit_seconds"": 0.8995762070990168}",runs/y19_h0_g2.json
19,0,3,whole_body_total_heat_v1,0.6457480899723209,5.75,590.0,policy_failure,failed,"{""C"": false, ""E"": null, ""S"": null, ""R"": null}","{""energy_wh"": -762.0, ""body_power_w"": 337.6692318631293}","{""equipment_unavailable"": 0.0, ""initial_equipment_unavailable"": 0.0}","{""soc_lower"": -0.95, ""soc_upper"": 0.0, ""time_alignment_hours"": -1e-09, ""electrical_balance_wh"": -1e-08, ""battery_temperature_state_c"": 0.0, ""forcing_alignment"": 0.0}",Only 0 of 30 intervals are present; unseen intervals were not imputed.,"{""scheduled_steps"": 30, ""observed_steps"": 0, ""full_duration_hours"": 3.0, ""observed_duration_hours"": 0.0, ""mean_thermal_score_observed"": null, ""whole_body_unmet_heat_wh"": 0.0, ""service_floor_shortfall_duration_hours"": 0.0, ""allocation_deficit_duration_hours"": [0.0, 0.0, 0.0, 0.0, 0.0, 0.0, 0.0, 0.0, null, null, null, null], ""allocation_unmet_heat_wh"": [0.0, 0.0, 0.0, 0.0, 0.0, 0.0, 0.0, 0.0, null, null, null, null], ""electrical_load_energy_wh"": 0.0, ""pv_available_energy_wh"": 0.0, ""pv_used_energy_wh"": 0.0, ""pv_curtailed_energy_wh"": 0.0, ""discharged_ah"": 0.0, ""minimum_soc"": 1.0, ""observed_end_soc"": 1.0, ""terminal_soc"": null, ""low_soc_duration_hours"": 0.0, ""peak_load_w"": null, ""equipment_on_duration_hours"": 0.0, ""air_temperature_range_c"": null, ""filtered_air_temperature_range_c"": null, ""battery_temperature_range_c"": {""minimum"": 20.0, ""maximum"": 20.0}, ""priority_groups_observed"": [], ""priority_audit_seconds"": 0.0}",runs/y19_h0_g3.json
20,0,0,whole_body_total_heat_v1,1.0,7.0,1150.0,feasible,success,"{""C"": true, ""E"": true, ""S"": true, ""R"": true}","{""energy_wh"": -621.0, ""body_power_w"": -65.29319233476953}","{""equipment_unavailable"": 0.0, ""initial_equipment_unavailable"": 0.0}","{""soc_lower"": -0.8573964098875758, ""soc_upper"": 0.0, ""time_alignment_hours"": -1e-09, ""electrical_balance_wh"": -1e-08, ""battery_temperature_state_c"": 0.0, ""forcing_alignment"": 0.0, ""pwm_lower"": -0.0, ""pwm_mask"": -0.34685391078853056, ""equipment_availability"": 0.0, ""pv_lower_w"": -0.0, ""pv_upper_w"": 0.0, ""equipment_hysteresis"": 0.0, ""sensor_filter_state_c"": 0.0, ""priority_conformance"": -1.0099999986022198e-07, ""discharge_w"": -1106.5675918325835, ""charge_w"": -605.0, ""bus_w"": -106.56759183258342, ""service"": 0.0, ""service_oversupply"": 0.0, ""terminal_soc"": -0.7573964098875758}",,"{""scheduled_steps"": 30, ""observed_steps"": 30, ""full_duration_hours"": 3.0, ""observed_duration_hours"": 3.0, ""mean_thermal_score_observed"": 1.0, ""whole_body_unmet_heat_wh"": 0.0, ""service_floor_shortfall_duration_hours"": 0.0, ""allocation_deficit_duration_hours"": [0.8999999999999999, 0.8999999999999999, 0.0, 0.0, 0.5, 0.7999999999999999, 0.7, 1.0999999999999999, 0.1, 0.1, 0.0, 0.0], ""allocation_unmet_heat_wh"": [7.4773311979914325e-06, 2.0596198255429245e-05, 0.0, 0.0, 1.5617197562534105e-05, 2.5116296897920164e-05, 9.236559022385295e-06, 1.4216913221876127e-05, 8.881784197001253e-17, 8.881784197001253e-17, 0.0, 0.0], ""electrical_load_energy_wh"": 111.1243081349098, ""pv_available_energy_wh"": 0.0, ""pv_used_energy_wh"": 0.0, ""pv_curtailed_energy_wh"": 0.0, ""discharged_ah"": 10.289287790269425, ""minimum_soc"": 0.9073964098875759, ""observed_end_soc"": 0.9073964098875759, ""terminal_soc"": 0.9073964098875759, ""low_soc_duration_hours"": 0.0, ""peak_load_w"": 93.43240816741658, ""equipment_on_duration_hours"": 0.0, ""air_temperature_range_c"": {""minimum"": -11.2, ""maximum"": -8.8}, ""filtered_air_temperature_range_c"": {""minimum"": -11.2, ""maximum"": -8.8}, ""battery_temperature_range_c"": {""minimum"": 5.673526397738371, ""maximum"": 20.0}, ""priority_groups_observed"": [[0.9999990000000001, 0.999999, 0.999999], [0.9999990000000001, 0.999999, 0.999999], [0.9999990000000001, 0.999999, 0.999999], [0.9999990000000001, 0.999999, 0.999999], [0.9999990000000001, 0.999999, 0.999999], [0.9999990000000001, 0.999999, 0.999999], [0.9999990000000001, 0.999999, 0.999999], [1.0, 1.0, 1.0], [1.0, 1.0, 1.0], [1.0, 1.0, 1.0], [1.0, 1.0, 1.0], [1.0, 1.0, 1.0], [0.9999990000000001, 0.999999, 0.999999], [0.9999990000000001, 0.999999, 0.999999], [1.0, 1.0, 1.0], [1.0, 1.0, 1.0], [1.0, 1.0, 1.0], [1.0, 1.0, 1.0], [1.0, 1.0, 1.0], [0.9999990000000001, 0.999999, 0.999999], [0.9999990000000001, 0.999999, 0.9999989999999999], [1.0, 1.0, 1.0], [1.0, 1.0, 1.0], [1.0, 1.0, 1.0], [1.0, 1.0, 1.0], [1.0, 1.0, 1.0], [0.9999990000000001, 0.999999, 0.999999], [0.9999990000000001, 0.999999, 0.999999], [1.0, 1.0, 1.0], [1.0, 1.0, 1.0]], ""priority_audit_seconds"": 0.8929302511387505}",runs/y20_h0_g0.json
20,0,1,whole_body_total_heat_v1,0.7914577584928468,6.5,950.0,policy_failure,failed,"{""C"": false, ""E"": null, ""S"": null, ""R"": null}","{""energy_wh"": -621.0, ""body_power_w"": 143.82199391049215}","{""equipment_unavailable"": 0.0, ""initial_equipment_unavailable"": 0.0}","{""soc_lower"": -0.95, ""soc_upper"": 0.0, ""time_alignment_hours"": -1e-09, ""electrical_balance_wh"": -1e-08, ""battery_temperature_state_c"": 0.0, ""forcing_alignment"": 0.0}",Only 0 of 30 intervals are present; unseen intervals were not imputed.,"{""scheduled_steps"": 30, ""observed_steps"": 0, ""full_duration_hours"": 3.0, ""observed_duration_hours"": 0.0, ""mean_thermal_score_observed"": null, ""whole_body_unmet_heat_wh"": 0.0, ""service_floor_shortfall_duration_hours"": 0.0, ""allocation_deficit_duration_hours"": [0.0, 0.0, 0.0, 0.0, 0.0, 0.0, 0.0, 0.0, 0.0, 0.0, 0.0, 0.0], ""allocation_unmet_heat_wh"": [0.0, 0.0, 0.0, 0.0, 0.0, 0.0, 0.0, 0.0, 0.0, 0.0, 0.0, 0.0], ""electrical_load_energy_wh"": 0.0, ""pv_available_energy_wh"": 0.0, ""pv_used_energy_wh"": 0.0, ""pv_curtailed_energy_wh"": 0.0, ""discharged_ah"": 0.0, ""minimum_soc"": 1.0, ""observed_end_soc"": 1.0, ""terminal_soc"": null, ""low_soc_duration_hours"": 0.0, ""peak_load_w"": null, ""equipment_on_duration_hours"": 0.0, ""air_temperature_range_c"": null, ""filtered_air_temperature_range_c"": null, ""battery_temperature_range_c"": {""minimum"": 20.0, ""maximum"": 20.0}, ""priority_groups_observed"": [], ""priority_audit_seconds"": 0.0}",runs/y20_h0_g1.json
20,0,2,whole_body_total_heat_v1,0.9711727456437672,6.2,700.0,feasible,success,"{""C"": true, ""E"": true, ""S"": true, ""R"": true}","{""energy_wh"": -819.0, ""body_power_w"": 16.783574370240345}","{""equipment_unavailable"": 0.0, ""initial_equipment_unavailable"": 0.0}","{""soc_lower"": -0.8300834484810287, ""soc_upper"": 0.0, ""time_alignment_hours"": -1e-09, ""electrical_balance_wh"": -1e-08, ""battery_temperature_state_c"": 0.0, ""forcing_alignment"": 0.0, ""pwm_lower"": -0.0, ""pwm_mask"": 0.0, ""equipment_availability"": 0.0, ""pv_lower_w"": -0.0, ""pv_upper_w"": 0.0, ""equipment_hysteresis"": 0.0, ""sensor_filter_state_c"": 0.0, ""priority_conformance"": -1.0099999963817737e-07, ""discharge_w"": -1093.0, ""charge_w"": -605.0, ""bus_w"": -93.0, ""service"": 0.0, ""service_oversupply"": 0.0, ""terminal_soc"": -0.7300834484810287}",,"{""scheduled_steps"": 30, ""observed_steps"": 30, ""full_duration_hours"": 3.0, ""observed_duration_hours"": 3.0, ""mean_thermal_score_observed"": 0.9711727456437672, ""whole_body_unmet_heat_wh"": 0.0, ""service_floor_shortfall_duration_hours"": 0.0, ""allocation_deficit_duration_hours"": [0.5, 0.7999999999999999, 0.0, 1.3, 1.3, 0.8999999999999999, 1.2, 1.2, null, null, null, null], ""allocation_unmet_heat_wh"": [0.046083659755946194, 0.04609686095651489, 0.0, 7.254263349745117, 1.1313672918587212, 1.131356900309172, 1.3106890752301918, 1.3106851474904846, null, null, null, null], ""electrical_load_energy_wh"": 143.89986182276635, ""pv_available_energy_wh"": 0.0, ""pv_used_energy_wh"": 0.0, ""pv_curtailed_energy_wh"": 0.0, ""discharged_ah"": 13.324061279885768, ""minimum_soc"": 0.8800834484810287, ""observed_end_soc"": 0.8800834484810287, ""terminal_soc"": 0.8800834484810287, ""low_soc_duration_hours"": 0.0, ""peak_load_w"": 107.0, ""equipment_on_duration_hours"": 0.0, ""air_temperature_range_c"": {""minimum"": -11.2, ""maximum"": -8.8}, ""filtered_air_temperature_range_c"": {""minimum"": -11.2, ""maximum"": -8.8}, ""battery_temperature_range_c"": {""minimum"": 5.673526397738371, ""maximum"": 20.0}, ""priority_groups_observed"": [[0.8566179150727525, 0.7630018329113268, 0.8415461392404341], [0.8566179150727525, 0.7630018329113268, 0.8415461392404341], [0.8566179150727525, 0.7630018329113268, 0.8415461392404341], [0.8566179150727525, 0.7630018329113268, 0.8415461392404341], [0.8566179150727525, 0.7630018329113268, 0.8415461392404341], [0.9233810114921733, 0.9310100480794444, 0.9999990000000001], [0.9233810114921733, 0.9310100480794444, 0.9999990000000001], [1.0, 1.0, 1.0], [1.0, 1.0, 1.0], [1.0, 1.0, 1.0], [1.0, 1.0, 1.0], [1.0, 1.0, 1.0], [0.9069674261907866, 0.887668866825682, 0.9790465442930317], [0.9069674261907866, 0.887668866825682, 0.9790465442930317], [1.0, 1.0, 1.0], [1.0, 1.0, 1.0], [1.0, 1.0, 1.0], [1.0, 1.0, 1.0], [1.0, 1.0, 1.0], [0.9069674261907866, 0.887668866825682, 0.9790465442930317], [0.927822546445831, 0.9427411325227286, 0.9999989999999996], [1.0, 1.0, 1.0], [1.0, 1.0, 1.0], [1.0, 1.0, 1.0], [1.0, 1.0, 1.0], [1.0, 1.0, 1.0], [0.9726182487105202, 0.9999990000000001, 0.9999990000000001], [0.9726182487105202, 0.9999990000000001, 0.9999990000000001], [1.0, 1.0, 1.0], [1.0, 1.0, 1.0]], ""priority_audit_seconds"": 0.8335761241032742}",runs/y20_h0_g2.json
20,0,3,whole_body_total_heat_v1,0.6457480899723209,6.0,600.0,policy_failure,failed,"{""C"": false, ""E"": null, ""S"": null, ""R"": null}","{""energy_wh"": -819.0, ""body_power_w"": 337.6692318631293}","{""equipment_unavailable"": 0.0, ""initial_equipment_unavailable"": 0.0}","{""soc_lower"": -0.95, ""soc_upper"": 0.0, ""time_alignment_hours"": -1e-09, ""electrical_balance_wh"": -1e-08, ""battery_temperature_state_c"": 0.0, ""forcing_alignment"": 0.0}",Only 0 of 30 intervals are present; unseen intervals were not imputed.,"{""scheduled_steps"": 30, ""observed_steps"": 0, ""full_duration_hours"": 3.0, ""observed_duration_hours"": 0.0, ""mean_thermal_score_observed"": null, ""whole_body_unmet_heat_wh"": 0.0, ""service_floor_shortfall_duration_hours"": 0.0, ""allocation_deficit_duration_hours"": [0.0, 0.0, 0.0, 0.0, 0.0, 0.0, 0.0, 0.0, null, null, null, null], ""allocation_unmet_heat_wh"": [0.0, 0.0, 0.0, 0.0, 0.0, 0.0, 0.0, 0.0, null, null, null, null], ""electrical_load_energy_wh"": 0.0, ""pv_available_energy_wh"": 0.0, ""pv_used_energy_wh"": 0.0, ""pv_curtailed_energy_wh"": 0.0, ""discharged_ah"": 0.0, ""minimum_soc"": 1.0, ""observed_end_soc"": 1.0, ""terminal_soc"": null, ""low_soc_duration_hours"": 0.0, ""peak_load_w"": null, ""equipment_on_duration_hours"": 0.0, ""air_temperature_range_c"": null, ""filtered_air_temperature_range_c"": null, ""battery_temperature_range_c"": {""minimum"": 20.0, ""maximum"": 20.0}, ""priority_groups_observed"": [], ""priority_audit_seconds"": 0.0}",runs/y20_h0_g3.json
21,0,0,whole_body_total_heat_v1,1.0,7.25,1160.0,feasible,success,"{""C"": true, ""E"": true, ""S"": true, ""R"": true}","{""energy_wh"": -678.0, ""body_power_w"": -65.29319233476953}","{""equipment_unavailable"": 0.0, ""initial_equipment_unavailable"": 0.0}","{""soc_lower"": -0.8618061046548335, ""soc_upper"": 0.0, ""time_alignment_hours"": -1e-09, ""electrical_balance_wh"": -1e-08, ""battery_temperature_state_c"": 0.0, ""forcing_alignment"": 0.0, ""pwm_lower"": -0.0, ""pwm_mask"": -0.34685391078853056, ""equipment_availability"": 0.0, ""pv_lower_w"": -0.0, ""pv_upper_w"": 0.0, ""equipment_hysteresis"": 0.0, ""sensor_filter_state_c"": 0.0, ""priority_conformance"": -1.0099999986022198e-07, ""discharge_w"": -1166.5675918325835, ""charge_w"": -635.0, ""bus_w"": -106.56759183258342, ""service"": 0.0, ""service_oversupply"": 0.0, ""terminal_soc"": -0.7618061046548336}",,"{""scheduled_steps"": 30, ""observed_steps"": 30, ""full_duration_hours"": 3.0, ""observed_duration_hours"": 3.0, ""mean_thermal_score_observed"": 1.0, ""whole_body_unmet_heat_wh"": 0.0, ""service_floor_shortfall_duration_hours"": 0.0, ""allocation_deficit_duration_hours"": [0.8999999999999999, 0.8999999999999999, 0.0, 0.0, 0.5, 0.7999999999999999, 0.7, 1.0999999999999999, 0.1, 0.1, 0.0, 0.0], ""allocation_unmet_heat_wh"": [7.4773311979914325e-06, 2.0596198255429245e-05, 0.0, 0.0, 1.5617197562534105e-05, 2.5116296897920164e-05, 9.236559022385295e-06, 1.4216913221876127e-05, 8.881784197001253e-17, 8.881784197001253e-17, 0.0, 0.0], ""electrical_load_energy_wh"": 111.1243081349098, ""pv_available_energy_wh"": 0.0, ""pv_used_energy_wh"": 0.0, ""pv_curtailed_energy_wh"": 0.0, ""discharged_ah"": 10.289287790269425, ""minimum_soc"": 0.9118061046548336, ""observed_end_soc"": 0.9118061046548336, ""terminal_soc"": 0.9118061046548336, ""low_soc_duration_hours"": 0.0, ""peak_load_w"": 93.43240816741658, ""equipment_on_duration_hours"": 0.0, ""air_temperature_range_c"": {""minimum"": -11.2, ""maximum"": -8.8}, ""filtered_air_temperature_range_c"": {""minimum"": -11.2, ""maximum"": -8.8}, ""battery_temperature_range_c"": {""minimum"": 6.160492865071991, ""maximum"": 20.0}, ""priority_groups_observed"": [[0.9999990000000001, 0.999999, 0.999999], [0.9999990000000001, 0.999999, 0.999999], [0.9999990000000001, 0.999999, 0.999999], [0.9999990000000001, 0.999999, 0.999999], [0.9999990000000001, 0.999999, 0.999999], [0.9999990000000001, 0.999999, 0.999999], [0.9999990000000001, 0.999999, 0.999999], [1.0, 1.0, 1.0], [1.0, 1.0, 1.0], [1.0, 1.0, 1.0], [1.0, 1.0, 1.0], [1.0, 1.0, 1.0], [0.9999990000000001, 0.999999, 0.999999], [0.9999990000000001, 0.999999, 0.999999], [1.0, 1.0, 1.0], [1.0, 1.0, 1.0], [1.0, 1.0, 1.0], [1.0, 1.0, 1.0], [1.0, 1.0, 1.0], [0.9999990000000001, 0.999999, 0.999999], [0.9999990000000001, 0.999999, 0.9999989999999999], [1.0, 1.0, 1.0], [1.0, 1.0, 1.0], [1.0, 1.0, 1.0], [1.0, 1.0, 1.0], [1.0, 1.0, 1.0], [0.9999990000000001, 0.999999, 0.999999], [0.9999990000000001, 0.999999, 0.999999], [1.0, 1.0, 1.0], [1.0, 1.0, 1.0]], ""priority_audit_seconds"": 0.9499885851400904}",runs/y21_h0_g0.json
21,0,1,whole_body_total_heat_v1,0.7914577584928468,6.75,960.0,policy_failure,failed,"{""C"": false, ""E"": null, ""S"": null, ""R"": null}","{""energy_wh"": -678.0, ""body_power_w"": 143.82199391049215}","{""equipment_unavailable"": 0.0, ""initial_equipment_unavailable"": 0.0}","{""soc_lower"": -0.95, ""soc_upper"": 0.0, ""time_alignment_hours"": -1e-09, ""electrical_balance_wh"": -1e-08, ""battery_temperature_state_c"": 0.0, ""forcing_alignment"": 0.0}",Only 0 of 30 intervals are present; unseen intervals were not imputed.,"{""scheduled_steps"": 30, ""observed_steps"": 0, ""full_duration_hours"": 3.0, ""observed_duration_hours"": 0.0, ""mean_thermal_score_observed"": null, ""whole_body_unmet_heat_wh"": 0.0, ""service_floor_shortfall_duration_hours"": 0.0, ""allocation_deficit_duration_hours"": [0.0, 0.0, 0.0, 0.0, 0.0, 0.0, 0.0, 0.0, 0.0, 0.0, 0.0, 0.0], ""allocation_unmet_heat_wh"": [0.0, 0.0, 0.0, 0.0, 0.0, 0.0, 0.0, 0.0, 0.0, 0.0, 0.0, 0.0], ""electrical_load_energy_wh"": 0.0, ""pv_available_energy_wh"": 0.0, ""pv_used_energy_wh"": 0.0, ""pv_curtailed_energy_wh"": 0.0, ""discharged_ah"": 0.0, ""minimum_soc"": 1.0, ""observed_end_soc"": 1.0, ""terminal_soc"": null, ""low_soc_duration_hours"": 0.0, ""peak_load_w"": null, ""equipment_on_duration_hours"": 0.0, ""air_temperature_range_c"": null, ""filtered_air_temperature_range_c"": null, ""battery_temperature_range_c"": {""minimum"": 20.0, ""maximum"": 20.0}, ""priority_groups_observed"": [], ""priority_audit_seconds"": 0.0}",runs/y21_h0_g1.json
21,0,2,whole_body_total_heat_v1,0.9711727456437672,6.45,710.0,feasible,success,"{""C"": true, ""E"": true, ""S"": true, ""R"": true}","{""energy_wh"": -876.0, ""body_power_w"": 16.783574370240345}","{""equipment_unavailable"": 0.0, ""initial_equipment_unavailable"": 0.0}","{""soc_lower"": -0.8357937604581223, ""soc_upper"": 0.0, ""time_alignment_hours"": -1e-09, ""electrical_balance_wh"": -1e-08, ""battery_temperature_state_c"": 0.0, ""forcing_alignment"": 0.0, ""pwm_lower"": -0.0, ""pwm_mask"": 0.0, ""equipment_availability"": 0.0, ""pv_lower_w"": -0.0, ""pv_upper_w"": 0.0, ""equipment_hysteresis"": 0.0, ""sensor_filter_state_c"": 0.0, ""priority_conformance"": -1.0099999963817737e-07, ""discharge_w"": -1153.0, ""charge_w"": -635.0, ""bus_w"": -93.0, ""service"": 0.0, ""service_oversupply"": 0.0, ""terminal_soc"": -0.7357937604581223}",,"{""scheduled_steps"": 30, ""observed_steps"": 30, ""full_duration_hours"": 3.0, ""observed_duration_hours"": 3.0, ""mean_thermal_score_observed"": 0.9711727456437672, ""whole_body_unmet_heat_wh"": 0.0, ""service_floor_shortfall_duration_hours"": 0.0, ""allocation_deficit_duration_hours"": [0.5, 0.7999999999999999, 0.0, 1.3, 1.3, 0.8999999999999999, 1.2, 1.2, null, null, null, null], ""allocation_unmet_heat_wh"": [0.046083659755946194, 0.04609686095651489, 0.0, 7.254263349745117, 1.1313672918587212, 1.131356900309172, 1.3106890752301918, 1.3106851474904846, null, null, null, null], ""electrical_load_energy_wh"": 143.89986182276635, ""pv_available_energy_wh"": 0.0, ""pv_used_energy_wh"": 0.0, ""pv_curtailed_energy_wh"": 0.0, ""discharged_ah"": 13.324061279885768, ""minimum_soc"": 0.8857937604581223, ""observed_end_soc"": 0.8857937604581223, ""terminal_soc"": 0.8857937604581223, ""low_soc_duration_hours"": 0.0, ""peak_load_w"": 107.0, ""equipment_on_duration_hours"": 0.0, ""air_temperature_range_c"": {""minimum"": -11.2, ""maximum"": -8.8}, ""filtered_air_temperature_range_c"": {""minimum"": -11.2, ""maximum"": -8.8}, ""battery_temperature_range_c"": {""minimum"": 6.160492865071991, ""maximum"": 20.0}, ""priority_groups_observed"": [[0.8566179150727525, 0.7630018329113268, 0.8415461392404341], [0.8566179150727525, 0.7630018329113268, 0.8415461392404341], [0.8566179150727525, 0.7630018329113268, 0.8415461392404341], [0.8566179150727525, 0.7630018329113268, 0.8415461392404341], [0.8566179150727525, 0.7630018329113268, 0.8415461392404341], [0.9233810114921733, 0.9310100480794444, 0.9999990000000001], [0.9233810114921733, 0.9310100480794444, 0.9999990000000001], [1.0, 1.0, 1.0], [1.0, 1.0, 1.0], [1.0, 1.0, 1.0], [1.0, 1.0, 1.0], [1.0, 1.0, 1.0], [0.9069674261907866, 0.887668866825682, 0.9790465442930317], [0.9069674261907866, 0.887668866825682, 0.9790465442930317], [1.0, 1.0, 1.0], [1.0, 1.0, 1.0], [1.0, 1.0, 1.0], [1.0, 1.0, 1.0], [1.0, 1.0, 1.0], [0.9069674261907866, 0.887668866825682, 0.9790465442930317], [0.927822546445831, 0.9427411325227286, 0.9999989999999996], [1.0, 1.0, 1.0], [1.0, 1.0, 1.0], [1.0, 1.0, 1.0], [1.0, 1.0, 1.0], [1.0, 1.0, 1.0], [0.9726182487105202, 0.9999990000000001, 0.9999990000000001], [0.9726182487105202, 0.9999990000000001, 0.9999990000000001], [1.0, 1.0, 1.0], [1.0, 1.0, 1.0]], ""priority_audit_seconds"": 0.818665627099108}",runs/y21_h0_g2.json
21,0,3,whole_body_total_heat_v1,0.6457480899723209,6.25,610.0,policy_failure,failed,"{""C"": false, ""E"": null, ""S"": null, ""R"": null}","{""energy_wh"": -876.0, ""body_power_w"": 337.6692318631293}","{""equipment_unavailable"": 0.0, ""initial_equipment_unavailable"": 0.0}","{""soc_lower"": -0.95, ""soc_upper"": 0.0, ""time_alignment_hours"": -1e-09, ""electrical_balance_wh"": -1e-08, ""battery_temperature_state_c"": 0.0, ""forcing_alignment"": 0.0}",Only 0 of 30 intervals are present; unseen intervals were not imputed.,"{""scheduled_steps"": 30, ""observed_steps"": 0, ""full_duration_hours"": 3.0, ""observed_duration_hours"": 0.0, ""mean_thermal_score_observed"": null, ""whole_body_unmet_heat_wh"": 0.0, ""service_floor_shortfall_duration_hours"": 0.0, ""allocation_deficit_duration_hours"": [0.0, 0.0, 0.0, 0.0, 0.0, 0.0, 0.0, 0.0, null, null, null, null], ""allocation_unmet_heat_wh"": [0.0, 0.0, 0.0, 0.0, 0.0, 0.0, 0.0, 0.0, null, null, null, null], ""electrical_load_energy_wh"": 0.0, ""pv_available_energy_wh"": 0.0, ""pv_used_energy_wh"": 0.0, ""pv_curtailed_energy_wh"": 0.0, ""discharged_ah"": 0.0, ""minimum_soc"": 1.0, ""observed_end_soc"": 1.0, ""terminal_soc"": null, ""low_soc_duration_hours"": 0.0, ""peak_load_w"": null, ""equipment_on_duration_hours"": 0.0, ""air_temperature_range_c"": null, ""filtered_air_temperature_range_c"": null, ""battery_temperature_range_c"": {""minimum"": 20.0, ""maximum"": 20.0}, ""priority_groups_observed"": [], ""priority_audit_seconds"": 0.0}",runs/y21_h0_g3.json
22,0,0,whole_body_total_heat_v1,1.0,7.5,1170.0,feasible,success,"{""C"": true, ""E"": true, ""S"": true, ""R"": true}","{""energy_wh"": -735.0, ""body_power_w"": -65.29319233476953}","{""equipment_unavailable"": 0.0, ""initial_equipment_unavailable"": 0.0}","{""soc_lower"": -0.8658149180796141, ""soc_upper"": 0.0, ""time_alignment_hours"": -1e-09, ""electrical_balance_wh"": -1e-08, ""battery_temperature_state_c"": 0.0, ""forcing_alignment"": 0.0, ""pwm_lower"": -0.0, ""pwm_mask"": -0.34685391078853056, ""equipment_availability"": 0.0, ""pv_lower_w"": -0.0, ""pv_upper_w"": 0.0, ""equipment_hysteresis"": 0.0, ""sensor_filter_state_c"": 0.0, ""priority_conformance"": -1.0099999986022198e-07, ""discharge_w"": -1226.5675918325835, ""charge_w"": -665.0, ""bus_w"": -106.56759183258342, ""service"": 0.0, ""service_oversupply"": 0.0, ""terminal_soc"": -0.7658149180796141}",,"{""scheduled_steps"": 30, ""observed_steps"": 30, ""full_duration_hours"": 3.0, ""observed_duration_hours"": 3.0, ""mean_thermal_score_observed"": 1.0, ""whole_body_unmet_heat_wh"": 0.0, ""service_floor_shortfall_duration_hours"": 0.0, ""allocation_deficit_duration_hours"": [0.8999999999999999, 0.8999999999999999, 0.0, 0.0, 0.5, 0.7999999999999999, 0.7, 1.0999999999999999, 0.1, 0.1, 0.0, 0.0], ""allocation_unmet_heat_wh"": [7.4773311979914325e-06, 2.0596198255429245e-05, 0.0, 0.0, 1.5617197562534105e-05, 2.5116296897920164e-05, 9.236559022385295e-06, 1.4216913221876127e-05, 8.881784197001253e-17, 8.881784197001253e-17, 0.0, 0.0], ""electrical_load_energy_wh"": 111.1243081349098, ""pv_available_energy_wh"": 0.0, ""pv_used_energy_wh"": 0.0, ""pv_curtailed_energy_wh"": 0.0, ""discharged_ah"": 10.289287790269425, ""minimum_soc"": 0.9158149180796141, ""observed_end_soc"": 0.9158149180796141, ""terminal_soc"": 0.9158149180796141, ""low_soc_duration_hours"": 0.0, ""peak_load_w"": 93.43240816741658, ""equipment_on_duration_hours"": 0.0, ""air_temperature_range_c"": {""minimum"": -11.2, ""maximum"": -8.8}, ""filtered_air_temperature_range_c"": {""minimum"": -11.2, ""maximum"": -8.8}, ""battery_temperature_range_c"": {""minimum"": 6.616891212847018, ""maximum"": 20.0}, ""priority_groups_observed"": [[0.9999990000000001, 0.999999, 0.999999], [0.9999990000000001, 0.999999, 0.999999], [0.9999990000000001, 0.999999, 0.999999], [0.9999990000000001, 0.999999, 0.999999], [0.9999990000000001, 0.999999, 0.999999], [0.9999990000000001, 0.999999, 0.999999], [0.9999990000000001, 0.999999, 0.999999], [1.0, 1.0, 1.0], [1.0, 1.0, 1.0], [1.0, 1.0, 1.0], [1.0, 1.0, 1.0], [1.0, 1.0, 1.0], [0.9999990000000001, 0.999999, 0.999999], [0.9999990000000001, 0.999999, 0.999999], [1.0, 1.0, 1.0], [1.0, 1.0, 1.0], [1.0, 1.0, 1.0], [1.0, 1.0, 1.0], [1.0, 1.0, 1.0], [0.9999990000000001, 0.999999, 0.999999], [0.9999990000000001, 0.999999, 0.9999989999999999], [1.0, 1.0, 1.0], [1.0, 1.0, 1.0], [1.0, 1.0, 1.0], [1.0, 1.0, 1.0], [1.0, 1.0, 1.0], [0.9999990000000001, 0.999999, 0.999999], [0.9999990000000001, 0.999999, 0.999999], [1.0, 1.0, 1.0], [1.0, 1.0, 1.0]], ""priority_audit_seconds"": 0.9408019999973476}",runs/y22_h0_g0.json
22,0,1,whole_body_total_heat_v1,0.7914577584928468,7.0,970.0,policy_failure,failed,"{""C"": false, ""E"": null, ""S"": null, ""R"": null}","{""energy_wh"": -735.0, ""body_power_w"": 143.82199391049215}","{""equipment_unavailable"": 0.0, ""initial_equipment_unavailable"": 0.0}","{""soc_lower"": -0.95, ""soc_upper"": 0.0, ""time_alignment_hours"": -1e-09, ""electrical_balance_wh"": -1e-08, ""battery_temperature_state_c"": 0.0, ""forcing_alignment"": 0.0}",Only 0 of 30 intervals are present; unseen intervals were not imputed.,"{""scheduled_steps"": 30, ""observed_steps"": 0, ""full_duration_hours"": 3.0, ""observed_duration_hours"": 0.0, ""mean_thermal_score_observed"": null, ""whole_body_unmet_heat_wh"": 0.0, ""service_floor_shortfall_duration_hours"": 0.0, ""allocation_deficit_duration_hours"": [0.0, 0.0, 0.0, 0.0, 0.0, 0.0, 0.0, 0.0, 0.0, 0.0, 0.0, 0.0], ""allocation_unmet_heat_wh"": [0.0, 0.0, 0.0, 0.0, 0.0, 0.0, 0.0, 0.0, 0.0, 0.0, 0.0, 0.0], ""electrical_load_energy_wh"": 0.0, ""pv_available_energy_wh"": 0.0, ""pv_used_energy_wh"": 0.0, ""pv_curtailed_energy_wh"": 0.0, ""discharged_ah"": 0.0, ""minimum_soc"": 1.0, ""observed_end_soc"": 1.0, ""terminal_soc"": null, ""low_soc_duration_hours"": 0.0, ""peak_load_w"": null, ""equipment_on_duration_hours"": 0.0, ""air_temperature_range_c"": null, ""filtered_air_temperature_range_c"": null, ""battery_temperature_range_c"": {""minimum"": 20.0, ""maximum"": 20.0}, ""priority_groups_observed"": [], ""priority_audit_seconds"": 0.0}",runs/y22_h0_g1.json
22,0,2,whole_body_total_heat_v1,0.9711727456437672,6.7,720.0,feasible,success,"{""C"": true, ""E"": true, ""S"": true, ""R"": true}","{""energy_wh"": -933.0, ""body_power_w"": 16.783574370240345}","{""equipment_unavailable"": 0.0, ""initial_equipment_unavailable"": 0.0}","{""soc_lower"": -0.8409849531645713, ""soc_upper"": 0.0, ""time_alignment_hours"": -1e-09, ""electrical_balance_wh"": -1e-08, ""battery_temperature_state_c"": 0.0, ""forcing_alignment"": 0.0, ""pwm_lower"": -0.0, ""pwm_mask"": 0.0, ""equipment_availability"": 0.0, ""pv_lower_w"": -0.0, ""pv_upper_w"": 0.0, ""equipment_hysteresis"": 0.0, ""sensor_filter_state_c"": 0.0, ""priority_conformance"": -1.0099999963817737e-07, ""discharge_w"": -1213.0, ""charge_w"": -665.0, ""bus_w"": -93.0, ""service"": 0.0, ""service_oversupply"": 0.0, ""terminal_soc"": -0.7409849531645714}",,"{""scheduled_steps"": 30, ""observed_steps"": 30, ""full_duration_hours"": 3.0, ""observed_duration_hours"": 3.0, ""mean_thermal_score_observed"": 0.9711727456437672, ""whole_body_unmet_heat_wh"": 0.0, ""service_floor_shortfall_duration_hours"": 0.0, ""allocation_deficit_duration_hours"": [0.5, 0.7999999999999999, 0.0, 1.3, 1.3, 0.8999999999999999, 1.2, 1.2, null, null, null, null], ""allocation_unmet_heat_wh"": [0.046083659755946194, 0.04609686095651489, 0.0, 7.254263349745117, 1.1313672918587212, 1.131356900309172, 1.3106890752301918, 1.3106851474904846, null, null, null, null], ""electrical_load_energy_wh"": 143.89986182276635, ""pv_available_energy_wh"": 0.0, ""pv_used_energy_wh"": 0.0, ""pv_curtailed_energy_wh"": 0.0, ""discharged_ah"": 13.324061279885768, ""minimum_soc"": 0.8909849531645714, ""observed_end_soc"": 0.8909849531645714, ""terminal_soc"": 0.8909849531645714, ""low_soc_duration_hours"": 0.0, ""peak_load_w"": 107.0, ""equipment_on_duration_hours"": 0.0, ""air_temperature_range_c"": {""minimum"": -11.2, ""maximum"": -8.8}, ""filtered_air_temperature_range_c"": {""minimum"": -11.2, ""maximum"": -8.8}, ""battery_temperature_range_c"": {""minimum"": 6.616891212847018, ""maximum"": 20.0}, ""priority_groups_observed"": [[0.8566179150727525, 0.7630018329113268, 0.8415461392404341], [0.8566179150727525, 0.7630018329113268, 0.8415461392404341], [0.8566179150727525, 0.7630018329113268, 0.8415461392404341], [0.8566179150727525, 0.7630018329113268, 0.8415461392404341], [0.8566179150727525, 0.7630018329113268, 0.8415461392404341], [0.9233810114921733, 0.9310100480794444, 0.9999990000000001], [0.9233810114921733, 0.9310100480794444, 0.9999990000000001], [1.0, 1.0, 1.0], [1.0, 1.0, 1.0], [1.0, 1.0, 1.0], [1.0, 1.0, 1.0], [1.0, 1.0, 1.0], [0.9069674261907866, 0.887668866825682, 0.9790465442930317], [0.9069674261907866, 0.887668866825682, 0.9790465442930317], [1.0, 1.0, 1.0], [1.0, 1.0, 1.0], [1.0, 1.0, 1.0], [1.0, 1.0, 1.0], [1.0, 1.0, 1.0], [0.9069674261907866, 0.887668866825682, 0.9790465442930317], [0.927822546445831, 0.9427411325227286, 0.9999989999999996], [1.0, 1.0, 1.0], [1.0, 1.0, 1.0], [1.0, 1.0, 1.0], [1.0, 1.0, 1.0], [1.0, 1.0, 1.0], [0.9726182487105202, 0.9999990000000001, 0.9999990000000001], [0.9726182487105202, 0.9999990000000001, 0.9999990000000001], [1.0, 1.0, 1.0], [1.0, 1.0, 1.0]], ""priority_audit_seconds"": 0.8110707930172794}",runs/y22_h0_g2.json
22,0,3,whole_body_total_heat_v1,0.6457480899723209,6.5,620.0,policy_failure,failed,"{""C"": false, ""E"": null, ""S"": null, ""R"": null}","{""energy_wh"": -933.0, ""body_power_w"": 337.6692318631293}","{""equipment_unavailable"": 0.0, ""initial_equipment_unavailable"": 0.0}","{""soc_lower"": -0.95, ""soc_upper"": 0.0, ""time_alignment_hours"": -1e-09, ""electrical_balance_wh"": -1e-08, ""battery_temperature_state_c"": 0.0, ""forcing_alignment"": 0.0}",Only 0 of 30 intervals are present; unseen intervals were not imputed.,"{""scheduled_steps"": 30, ""observed_steps"": 0, ""full_duration_hours"": 3.0, ""observed_duration_hours"": 0.0, ""mean_thermal_score_observed"": null, ""whole_body_unmet_heat_wh"": 0.0, ""service_floor_shortfall_duration_hours"": 0.0, ""allocation_deficit_duration_hours"": [0.0, 0.0, 0.0, 0.0, 0.0, 0.0, 0.0, 0.0, null, null, null, null], ""allocation_unmet_heat_wh"": [0.0, 0.0, 0.0, 0.0, 0.0, 0.0, 0.0, 0.0, null, null, null, null], ""electrical_load_energy_wh"": 0.0, ""pv_available_energy_wh"": 0.0, ""pv_used_energy_wh"": 0.0, ""pv_curtailed_energy_wh"": 0.0, ""discharged_ah"": 0.0, ""minimum_soc"": 1.0, ""observed_end_soc"": 1.0, ""terminal_soc"": null, ""low_soc_duration_hours"": 0.0, ""peak_load_w"": null, ""equipment_on_duration_hours"": 0.0, ""air_temperature_range_c"": null, ""filtered_air_temperature_range_c"": null, ""battery_temperature_range_c"": {""minimum"": 20.0, ""maximum"": 20.0}, ""priority_groups_observed"": [], ""priority_audit_seconds"": 0.0}",runs/y22_h0_g3.json
23,0,0,whole_body_total_heat_v1,1.0,7.75,1180.0,feasible,success,"{""C"": true, ""E"": true, ""S"": true, ""R"": true}","{""energy_wh"": -792.0, ""body_power_w"": -65.29319233476953}","{""equipment_unavailable"": 0.0, ""initial_equipment_unavailable"": 0.0}","{""soc_lower"": -0.8694751390326738, ""soc_upper"": 0.0, ""time_alignment_hours"": -1e-09, ""electrical_balance_wh"": -1e-08, ""battery_temperature_state_c"": 0.0, ""forcing_alignment"": 0.0, ""pwm_lower"": -0.0, ""pwm_mask"": -0.34685391078853056, ""equipment_availability"": 0.0, ""pv_lower_w"": -0.0, ""pv_upper_w"": 0.0, ""equipment_hysteresis"": 0.0, ""sensor_filter_state_c"": 0.0, ""priority_conformance"": -1.0099999986022198e-07, ""discharge_w"": -1286.5675918325835, ""charge_w"": -695.0, ""bus_w"": -106.56759183258342, ""service"": 0.0, ""service_oversupply"": 0.0, ""terminal_soc"": -0.7694751390326738}",,"{""scheduled_steps"": 30, ""observed_steps"": 30, ""full_duration_hours"": 3.0, ""observed_duration_hours"": 3.0, ""mean_thermal_score_observed"": 1.0, ""whole_body_unmet_heat_wh"": 0.0, ""service_floor_shortfall_duration_hours"": 0.0, ""allocation_deficit_duration_hours"": [0.8999999999999999, 0.8999999999999999, 0.0, 0.0, 0.5, 0.7999999999999999, 0.7, 1.0999999999999999, 0.1, 0.1, 0.0, 0.0], ""allocation_unmet_heat_wh"": [7.4773311979914325e-06, 2.0596198255429245e-05, 0.0, 0.0, 1.5617197562534105e-05, 2.5116296897920164e-05, 9.236559022385295e-06, 1.4216913221876127e-05, 8.881784197001253e-17, 8.881784197001253e-17, 0.0, 0.0], ""electrical_load_energy_wh"": 111.1243081349098, ""pv_available_energy_wh"": 0.0, ""pv_used_energy_wh"": 0.0, ""pv_curtailed_energy_wh"": 0.0, ""discharged_ah"": 10.289287790269425, ""minimum_soc"": 0.9194751390326739, ""observed_end_soc"": 0.9194751390326739, ""terminal_soc"": 0.9194751390326739, ""low_soc_duration_hours"": 0.0, ""peak_load_w"": 93.43240816741658, ""equipment_on_duration_hours"": 0.0, ""air_temperature_range_c"": {""minimum"": -11.2, ""maximum"": -8.8}, ""filtered_air_temperature_range_c"": {""minimum"": -11.2, ""maximum"": -8.8}, ""battery_temperature_range_c"": {""minimum"": 7.045331826920097, ""maximum"": 20.0}, ""priority_groups_observed"": [[0.9999990000000001, 0.999999, 0.999999], [0.9999990000000001, 0.999999, 0.999999], [0.9999990000000001, 0.999999, 0.999999], [0.9999990000000001, 0.999999, 0.999999], [0.9999990000000001, 0.999999, 0.999999], [0.9999990000000001, 0.999999, 0.999999], [0.9999990000000001, 0.999999, 0.999999], [1.0, 1.0, 1.0], [1.0, 1.0, 1.0], [1.0, 1.0, 1.0], [1.0, 1.0, 1.0], [1.0, 1.0, 1.0], [0.9999990000000001, 0.999999, 0.999999], [0.9999990000000001, 0.999999, 0.999999], [1.0, 1.0, 1.0], [1.0, 1.0, 1.0], [1.0, 1.0, 1.0], [1.0, 1.0, 1.0], [1.0, 1.0, 1.0], [0.9999990000000001, 0.999999, 0.999999], [0.9999990000000001, 0.999999, 0.9999989999999999], [1.0, 1.0, 1.0], [1.0, 1.0, 1.0], [1.0, 1.0, 1.0], [1.0, 1.0, 1.0], [1.0, 1.0, 1.0], [0.9999990000000001, 0.999999, 0.999999], [0.9999990000000001, 0.999999, 0.999999], [1.0, 1.0, 1.0], [1.0, 1.0, 1.0]], ""priority_audit_seconds"": 0.9039249181514606}",runs/y23_h0_g0.json
23,0,1,whole_body_total_heat_v1,0.7914577584928468,7.25,980.0,policy_failure,failed,"{""C"": false, ""E"": null, ""S"": null, ""R"": null}","{""energy_wh"": -792.0, ""body_power_w"": 143.82199391049215}","{""equipment_unavailable"": 0.0, ""initial_equipment_unavailable"": 0.0}","{""soc_lower"": -0.95, ""soc_upper"": 0.0, ""time_alignment_hours"": -1e-09, ""electrical_balance_wh"": -1e-08, ""battery_temperature_state_c"": 0.0, ""forcing_alignment"": 0.0}",Only 0 of 30 intervals are present; unseen intervals were not imputed.,"{""scheduled_steps"": 30, ""observed_steps"": 0, ""full_duration_hours"": 3.0, ""observed_duration_hours"": 0.0, ""mean_thermal_score_observed"": null, ""whole_body_unmet_heat_wh"": 0.0, ""service_floor_shortfall_duration_hours"": 0.0, ""allocation_deficit_duration_hours"": [0.0, 0.0, 0.0, 0.0, 0.0, 0.0, 0.0, 0.0, 0.0, 0.0, 0.0, 0.0], ""allocation_unmet_heat_wh"": [0.0, 0.0, 0.0, 0.0, 0.0, 0.0, 0.0, 0.0, 0.0, 0.0, 0.0, 0.0], ""electrical_load_energy_wh"": 0.0, ""pv_available_energy_wh"": 0.0, ""pv_used_energy_wh"": 0.0, ""pv_curtailed_energy_wh"": 0.0, ""discharged_ah"": 0.0, ""minimum_soc"": 1.0, ""observed_end_soc"": 1.0, ""terminal_soc"": null, ""low_soc_duration_hours"": 0.0, ""peak_load_w"": null, ""equipment_on_duration_hours"": 0.0, ""air_temperature_range_c"": null, ""filtered_air_temperature_range_c"": null, ""battery_temperature_range_c"": {""minimum"": 20.0, ""maximum"": 20.0}, ""priority_groups_observed"": [], ""priority_audit_seconds"": 0.0}",runs/y23_h0_g1.json
23,0,2,whole_body_total_heat_v1,0.9711727456437672,6.95,730.0,feasible,success,"{""C"": true, ""E"": true, ""S"": true, ""R"": true}","{""energy_wh"": -990.0, ""body_power_w"": 16.783574370240345}","{""equipment_unavailable"": 0.0, ""initial_equipment_unavailable"": 0.0}","{""soc_lower"": -0.8457247378095901, ""soc_upper"": 0.0, ""time_alignment_hours"": -1e-09, ""electrical_balance_wh"": -1e-08, ""battery_temperature_state_c"": 0.0, ""forcing_alignment"": 0.0, ""pwm_lower"": -0.0, ""pwm_mask"": 0.0, ""equipment_availability"": 0.0, ""pv_lower_w"": -0.0, ""pv_upper_w"": 0.0, ""equipment_hysteresis"": 0.0, ""sensor_filter_state_c"": 0.0, ""priority_conformance"": -1.0099999963817737e-07, ""discharge_w"": -1273.0, ""charge_w"": -695.0, ""bus_w"": -93.0, ""service"": 0.0, ""service_oversupply"": 0.0, ""terminal_soc"": -0.7457247378095901}",,"{""scheduled_steps"": 30, ""observed_steps"": 30, ""full_duration_hours"": 3.0, ""observed_duration_hours"": 3.0, ""mean_thermal_score_observed"": 0.9711727456437672, ""whole_body_unmet_heat_wh"": 0.0, ""service_floor_shortfall_duration_hours"": 0.0, ""allocation_deficit_duration_hours"": [0.5, 0.7999999999999999, 0.0, 1.3, 1.3, 0.8999999999999999, 1.2, 1.2, null, null, null, null], ""allocation_unmet_heat_wh"": [0.046083659755946194, 0.04609686095651489, 0.0, 7.254263349745117, 1.1313672918587212, 1.131356900309172, 1.3106890752301918, 1.3106851474904846, null, null, null, null], ""electrical_load_energy_wh"": 143.89986182276635, ""pv_available_energy_wh"": 0.0, ""pv_used_energy_wh"": 0.0, ""pv_curtailed_energy_wh"": 0.0, ""discharged_ah"": 13.324061279885768, ""minimum_soc"": 0.8957247378095902, ""observed_end_soc"": 0.8957247378095902, ""terminal_soc"": 0.8957247378095902, ""low_soc_duration_hours"": 0.0, ""peak_load_w"": 107.0, ""equipment_on_duration_hours"": 0.0, ""air_temperature_range_c"": {""minimum"": -11.2, ""maximum"": -8.8}, ""filtered_air_temperature_range_c"": {""minimum"": -11.2, ""maximum"": -8.8}, ""battery_temperature_range_c"": {""minimum"": 7.045331826920097, ""maximum"": 20.0}, ""priority_groups_observed"": [[0.8566179150727525, 0.7630018329113268, 0.8415461392404341], [0.8566179150727525, 0.7630018329113268, 0.8415461392404341], [0.8566179150727525, 0.7630018329113268, 0.8415461392404341], [0.8566179150727525, 0.7630018329113268, 0.8415461392404341], [0.8566179150727525, 0.7630018329113268, 0.8415461392404341], [0.9233810114921733, 0.9310100480794444, 0.9999990000000001], [0.9233810114921733, 0.9310100480794444, 0.9999990000000001], [1.0, 1.0, 1.0], [1.0, 1.0, 1.0], [1.0, 1.0, 1.0], [1.0, 1.0, 1.0], [1.0, 1.0, 1.0], [0.9069674261907866, 0.887668866825682, 0.9790465442930317], [0.9069674261907866, 0.887668866825682, 0.9790465442930317], [1.0, 1.0, 1.0], [1.0, 1.0, 1.0], [1.0, 1.0, 1.0], [1.0, 1.0, 1.0], [1.0, 1.0, 1.0], [0.9069674261907866, 0.887668866825682, 0.9790465442930317], [0.927822546445831, 0.9427411325227286, 0.9999989999999996], [1.0, 1.0, 1.0], [1.0, 1.0, 1.0], [1.0, 1.0, 1.0], [1.0, 1.0, 1.0], [1.0, 1.0, 1.0], [0.9726182487105202, 0.9999990000000001, 0.9999990000000001], [0.9726182487105202, 0.9999990000000001, 0.9999990000000001], [1.0, 1.0, 1.0], [1.0, 1.0, 1.0]], ""priority_audit_seconds"": 0.8289364987285808}",runs/y23_h0_g2.json
23,0,3,whole_body_total_heat_v1,0.6457480899723209,6.75,630.0,policy_failure,failed,"{""C"": false, ""E"": null, ""S"": null, ""R"": null}","{""energy_wh"": -990.0, ""body_power_w"": 337.6692318631293}","{""equipment_unavailable"": 0.0, ""initial_equipment_unavailable"": 0.0}","{""soc_lower"": -0.95, ""soc_upper"": 0.0, ""time_alignment_hours"": -1e-09, ""electrical_balance_wh"": -1e-08, ""battery_temperature_state_c"": 0.0, ""forcing_alignment"": 0.0}",Only 0 of 30 intervals are present; unseen intervals were not imputed.,"{""scheduled_steps"": 30, ""observed_steps"": 0, ""full_duration_hours"": 3.0, ""observed_duration_hours"": 0.0, ""mean_thermal_score_observed"": null, ""whole_body_unmet_heat_wh"": 0.0, ""service_floor_shortfall_duration_hours"": 0.0, ""allocation_deficit_duration_hours"": [0.0, 0.0, 0.0, 0.0, 0.0, 0.0, 0.0, 0.0, null, null, null, null], ""allocation_unmet_heat_wh"": [0.0, 0.0, 0.0, 0.0, 0.0, 0.0, 0.0, 0.0, null, null, null, null], ""electrical_load_energy_wh"": 0.0, ""pv_available_energy_wh"": 0.0, ""pv_used_energy_wh"": 0.0, ""pv_curtailed_energy_wh"": 0.0, ""discharged_ah"": 0.0, ""minimum_soc"": 1.0, ""observed_end_soc"": 1.0, ""terminal_soc"": null, ""low_soc_duration_hours"": 0.0, ""peak_load_w"": null, ""equipment_on_duration_hours"": 0.0, ""air_temperature_range_c"": null, ""filtered_air_temperature_range_c"": null, ""battery_temperature_range_c"": {""minimum"": 20.0, ""maximum"": 20.0}, ""priority_groups_observed"": [], ""priority_audit_seconds"": 0.0}",runs/y23_h0_g3.json
24,0,0,whole_body_total_heat_v1,1.0,8.0,1190.0,feasible,success,"{""C"": true, ""E"": true, ""S"": true, ""R"": true}","{""energy_wh"": -849.0, ""body_power_w"": -65.29319233476953}","{""equipment_unavailable"": 0.0, ""initial_equipment_unavailable"": 0.0}","{""soc_lower"": -0.8728303415729785, ""soc_upper"": 0.0, ""time_alignment_hours"": -1e-09, ""electrical_balance_wh"": -1e-08, ""battery_temperature_state_c"": 0.0, ""forcing_alignment"": 0.0, ""pwm_lower"": -0.0, ""pwm_mask"": -0.34685391078853056, ""equipment_availability"": 0.0, ""pv_lower_w"": -0.0, ""pv_upper_w"": 0.0, ""equipment_hysteresis"": 0.0, ""sensor_filter_state_c"": 0.0, ""priority_conformance"": -1.0099999986022198e-07, ""discharge_w"": -1346.5675918325835, ""charge_w"": -725.0, ""bus_w"": -106.56759183258342, ""service"": 0.0, ""service_oversupply"": 0.0, ""terminal_soc"": -0.7728303415729785}",,"{""scheduled_steps"": 30, ""observed_steps"": 30, ""full_duration_hours"": 3.0, ""observed_duration_hours"": 3.0, ""mean_thermal_score_observed"": 1.0, ""whole_body_unmet_heat_wh"": 0.0, ""service_floor_shortfall_duration_hours"": 0.0, ""allocation_deficit_duration_hours"": [0.8999999999999999, 0.8999999999999999, 0.0, 0.0, 0.5, 0.7999999999999999, 0.7, 1.0999999999999999, 0.1, 0.1, 0.0, 0.0], ""allocation_unmet_heat_wh"": [7.4773311979914325e-06, 2.0596198255429245e-05, 0.0, 0.0, 1.5617197562534105e-05, 2.5116296897920164e-05, 9.236559022385295e-06, 1.4216913221876127e-05, 8.881784197001253e-17, 8.881784197001253e-17, 0.0, 0.0], ""electrical_load_energy_wh"": 111.1243081349098, ""pv_available_energy_wh"": 0.0, ""pv_used_energy_wh"": 0.0, ""pv_curtailed_energy_wh"": 0.0, ""discharged_ah"": 10.289287790269425, ""minimum_soc"": 0.9228303415729785, ""observed_end_soc"": 0.9228303415729785, ""terminal_soc"": 0.9228303415729785, ""low_soc_duration_hours"": 0.0, ""peak_load_w"": 93.43240816741658, ""equipment_on_duration_hours"": 0.0, ""air_temperature_range_c"": {""minimum"": -11.2, ""maximum"": -8.8}, ""filtered_air_temperature_range_c"": {""minimum"": -11.2, ""maximum"": -8.8}, ""battery_temperature_range_c"": {""minimum"": 7.448166082317183, ""maximum"": 20.0}, ""priority_groups_observed"": [[0.9999990000000001, 0.999999, 0.999999], [0.9999990000000001, 0.999999, 0.999999], [0.9999990000000001, 0.999999, 0.999999], [0.9999990000000001, 0.999999, 0.999999], [0.9999990000000001, 0.999999, 0.999999], [0.9999990000000001, 0.999999, 0.999999], [0.9999990000000001, 0.999999, 0.999999], [1.0, 1.0, 1.0], [1.0, 1.0, 1.0], [1.0, 1.0, 1.0], [1.0, 1.0, 1.0], [1.0, 1.0, 1.0], [0.9999990000000001, 0.999999, 0.999999], [0.9999990000000001, 0.999999, 0.999999], [1.0, 1.0, 1.0], [1.0, 1.0, 1.0], [1.0, 1.0, 1.0], [1.0, 1.0, 1.0], [1.0, 1.0, 1.0], [0.9999990000000001, 0.999999, 0.999999], [0.9999990000000001, 0.999999, 0.9999989999999999], [1.0, 1.0, 1.0], [1.0, 1.0, 1.0], [1.0, 1.0, 1.0], [1.0, 1.0, 1.0], [1.0, 1.0, 1.0], [0.9999990000000001, 0.999999, 0.999999], [0.9999990000000001, 0.999999, 0.999999], [1.0, 1.0, 1.0], [1.0, 1.0, 1.0]], ""priority_audit_seconds"": 0.8798743771039881}",runs/y24_h0_g0.json
24,0,1,whole_body_total_heat_v1,0.7914577584928468,7.5,990.0,policy_failure,failed,"{""C"": false, ""E"": null, ""S"": null, ""R"": null}","{""energy_wh"": -849.0, ""body_power_w"": 143.82199391049215}","{""equipment_unavailable"": 0.0, ""initial_equipment_unavailable"": 0.0}","{""soc_lower"": -0.95, ""soc_upper"": 0.0, ""time_alignment_hours"": -1e-09, ""electrical_balance_wh"": -1e-08, ""battery_temperature_state_c"": 0.0, ""forcing_alignment"": 0.0}",Only 0 of 30 intervals are present; unseen intervals were not imputed.,"{""scheduled_steps"": 30, ""observed_steps"": 0, ""full_duration_hours"": 3.0, ""observed_duration_hours"": 0.0, ""mean_thermal_score_observed"": null, ""whole_body_unmet_heat_wh"": 0.0, ""service_floor_shortfall_duration_hours"": 0.0, ""allocation_deficit_duration_hours"": [0.0, 0.0, 0.0, 0.0, 0.0, 0.0, 0.0, 0.0, 0.0, 0.0, 0.0, 0.0], ""allocation_unmet_heat_wh"": [0.0, 0.0, 0.0, 0.0, 0.0, 0.0, 0.0, 0.0, 0.0, 0.0, 0.0, 0.0], ""electrical_load_energy_wh"": 0.0, ""pv_available_energy_wh"": 0.0, ""pv_used_energy_wh"": 0.0, ""pv_curtailed_energy_wh"": 0.0, ""discharged_ah"": 0.0, ""minimum_soc"": 1.0, ""observed_end_soc"": 1.0, ""terminal_soc"": null, ""low_soc_duration_hours"": 0.0, ""peak_load_w"": null, ""equipment_on_duration_hours"": 0.0, ""air_temperature_range_c"": null, ""filtered_air_temperature_range_c"": null, ""battery_temperature_range_c"": {""minimum"": 20.0, ""maximum"": 20.0}, ""priority_groups_observed"": [], ""priority_audit_seconds"": 0.0}",runs/y24_h0_g1.json
24,0,2,whole_body_total_heat_v1,0.9711727456437672,7.2,740.0,feasible,success,"{""C"": true, ""E"": true, ""S"": true, ""R"": true}","{""energy_wh"": -1047.0, ""body_power_w"": 16.783574370240345}","{""equipment_unavailable"": 0.0, ""initial_equipment_unavailable"": 0.0}","{""soc_lower"": -0.8500695404008554, ""soc_upper"": 0.0, ""time_alignment_hours"": -1e-09, ""electrical_balance_wh"": -1e-08, ""battery_temperature_state_c"": 0.0, ""forcing_alignment"": 0.0, ""pwm_lower"": -0.0, ""pwm_mask"": 0.0, ""equipment_availability"": 0.0, ""pv_lower_w"": -0.0, ""pv_upper_w"": 0.0, ""equipment_hysteresis"": 0.0, ""sensor_filter_state_c"": 0.0, ""priority_conformance"": -1.0099999963817737e-07, ""discharge_w"": -1333.0, ""charge_w"": -725.0, ""bus_w"": -93.0, ""service"": 0.0, ""service_oversupply"": 0.0, ""terminal_soc"": -0.7500695404008554}",,"{""scheduled_steps"": 30, ""observed_steps"": 30, ""full_duration_hours"": 3.0, ""observed_duration_hours"": 3.0, ""mean_thermal_score_observed"": 0.9711727456437672, ""whole_body_unmet_heat_wh"": 0.0, ""service_floor_shortfall_duration_hours"": 0.0, ""allocation_deficit_duration_hours"": [0.5, 0.7999999999999999, 0.0, 1.3, 1.3, 0.8999999999999999, 1.2, 1.2, null, null, null, null], ""allocation_unmet_heat_wh"": [0.046083659755946194, 0.04609686095651489, 0.0, 7.254263349745117, 1.1313672918587212, 1.131356900309172, 1.3106890752301918, 1.3106851474904846, null, null, null, null], ""electrical_load_energy_wh"": 143.89986182276635, ""pv_available_energy_wh"": 0.0, ""pv_used_energy_wh"": 0.0, ""pv_curtailed_energy_wh"": 0.0, ""discharged_ah"": 13.324061279885768, ""minimum_soc"": 0.9000695404008554, ""observed_end_soc"": 0.9000695404008554, ""terminal_soc"": 0.9000695404008554, ""low_soc_duration_hours"": 0.0, ""peak_load_w"": 107.0, ""equipment_on_duration_hours"": 0.0, ""air_temperature_range_c"": {""minimum"": -11.2, ""maximum"": -8.8}, ""filtered_air_temperature_range_c"": {""minimum"": -11.2, ""maximum"": -8.8}, ""battery_temperature_range_c"": {""minimum"": 7.448166082317183, ""maximum"": 20.0}, ""priority_groups_observed"": [[0.8566179150727525, 0.7630018329113268, 0.8415461392404341], [0.8566179150727525, 0.7630018329113268, 0.8415461392404341], [0.8566179150727525, 0.7630018329113268, 0.8415461392404341], [0.8566179150727525, 0.7630018329113268, 0.8415461392404341], [0.8566179150727525, 0.7630018329113268, 0.8415461392404341], [0.9233810114921733, 0.9310100480794444, 0.9999990000000001], [0.9233810114921733, 0.9310100480794444, 0.9999990000000001], [1.0, 1.0, 1.0], [1.0, 1.0, 1.0], [1.0, 1.0, 1.0], [1.0, 1.0, 1.0], [1.0, 1.0, 1.0], [0.9069674261907866, 0.887668866825682, 0.9790465442930317], [0.9069674261907866, 0.887668866825682, 0.9790465442930317], [1.0, 1.0, 1.0], [1.0, 1.0, 1.0], [1.0, 1.0, 1.0], [1.0, 1.0, 1.0], [1.0, 1.0, 1.0], [0.9069674261907866, 0.887668866825682, 0.9790465442930317], [0.927822546445831, 0.9427411325227286, 0.9999989999999996], [1.0, 1.0, 1.0], [1.0, 1.0, 1.0], [1.0, 1.0, 1.0], [1.0, 1.0, 1.0], [1.0, 1.0, 1.0], [0.9726182487105202, 0.9999990000000001, 0.9999990000000001], [0.9726182487105202, 0.9999990000000001, 0.9999990000000001], [1.0, 1.0, 1.0], [1.0, 1.0, 1.0]], ""priority_audit_seconds"": 0.7819831671076827}",runs/y24_h0_g2.json
24,0,3,whole_body_total_heat_v1,0.6457480899723209,7.0,640.0,policy_failure,failed,"{""C"": false, ""E"": null, ""S"": null, ""R"": null}","{""energy_wh"": -1047.0, ""body_power_w"": 337.6692318631293}","{""equipment_unavailable"": 0.0, ""initial_equipment_unavailable"": 0.0}","{""soc_lower"": -0.95, ""soc_upper"": 0.0, ""time_alignment_hours"": -1e-09, ""electrical_balance_wh"": -1e-08, ""battery_temperature_state_c"": 0.0, ""forcing_alignment"": 0.0}",Only 0 of 30 intervals are present; unseen intervals were not imputed.,"{""scheduled_steps"": 30, ""observed_steps"": 0, ""full_duration_hours"": 3.0, ""observed_duration_hours"": 0.0, ""mean_thermal_score_observed"": null, ""whole_body_unmet_heat_wh"": 0.0, ""service_floor_shortfall_duration_hours"": 0.0, ""allocation_deficit_duration_hours"": [0.0, 0.0, 0.0, 0.0, 0.0, 0.0, 0.0, 0.0, null, null, null, null], ""allocation_unmet_heat_wh"": [0.0, 0.0, 0.0, 0.0, 0.0, 0.0, 0.0, 0.0, null, null, null, null], ""electrical_load_energy_wh"": 0.0, ""pv_available_energy_wh"": 0.0, ""pv_used_energy_wh"": 0.0, ""pv_curtailed_energy_wh"": 0.0, ""discharged_ah"": 0.0, ""minimum_soc"": 1.0, ""observed_end_soc"": 1.0, ""terminal_soc"": null, ""low_soc_duration_hours"": 0.0, ""peak_load_w"": null, ""equipment_on_duration_hours"": 0.0, ""air_temperature_range_c"": null, ""filtered_air_temperature_range_c"": null, ""battery_temperature_range_c"": {""minimum"": 20.0, ""maximum"": 20.0}, ""priority_groups_observed"": [], ""priority_audit_seconds"": 0.0}",runs/y24_h0_g3.json
25,0,0,whole_body_total_heat_v1,1.0,8.25,1200.0,feasible,success,"{""C"": true, ""E"": true, ""S"": true, ""R"": true}","{""energy_wh"": -906.0, ""body_power_w"": -65.29319233476953}","{""equipment_unavailable"": 0.0, ""initial_equipment_unavailable"": 0.0}","{""soc_lower"": -0.8759171279100606, ""soc_upper"": 0.0, ""time_alignment_hours"": -1e-09, ""electrical_balance_wh"": -1e-08, ""battery_temperature_state_c"": 0.0, ""forcing_alignment"": 0.0, ""pwm_lower"": -0.0, ""pwm_mask"": -0.34685391078853056, ""equipment_availability"": 0.0, ""pv_lower_w"": -0.0, ""pv_upper_w"": 0.0, ""equipment_hysteresis"": 0.0, ""sensor_filter_state_c"": 0.0, ""priority_conformance"": -1.0099999986022198e-07, ""discharge_w"": -1406.5675918325835, ""charge_w"": -755.0, ""bus_w"": -106.56759183258342, ""service"": 0.0, ""service_oversupply"": 0.0, ""terminal_soc"": -0.7759171279100606}",,"{""scheduled_steps"": 30, ""observed_steps"": 30, ""full_duration_hours"": 3.0, ""observed_duration_hours"": 3.0, ""mean_thermal_score_observed"": 1.0, ""whole_body_unmet_heat_wh"": 0.0, ""service_floor_shortfall_duration_hours"": 0.0, ""allocation_deficit_duration_hours"": [0.8999999999999999, 0.8999999999999999, 0.0, 0.0, 0.5, 0.7999999999999999, 0.7, 1.0999999999999999, 0.1, 0.1, 0.0, 0.0], ""allocation_unmet_heat_wh"": [7.4773311979914325e-06, 2.0596198255429245e-05, 0.0, 0.0, 1.5617197562534105e-05, 2.5116296897920164e-05, 9.236559022385295e-06, 1.4216913221876127e-05, 8.881784197001253e-17, 8.881784197001253e-17, 0.0, 0.0], ""electrical_load_energy_wh"": 111.1243081349098, ""pv_available_energy_wh"": 0.0, ""pv_used_energy_wh"": 0.0, ""pv_curtailed_energy_wh"": 0.0, ""discharged_ah"": 10.289287790269425, ""minimum_soc"": 0.9259171279100606, ""observed_end_soc"": 0.9259171279100606, ""terminal_soc"": 0.9259171279100606, ""low_soc_duration_hours"": 0.0, ""peak_load_w"": 93.43240816741658, ""equipment_on_duration_hours"": 0.0, ""air_temperature_range_c"": {""minimum"": -11.2, ""maximum"": -8.8}, ""filtered_air_temperature_range_c"": {""minimum"": -11.2, ""maximum"": -8.8}, ""battery_temperature_range_c"": {""minimum"": 7.82751130541229, ""maximum"": 20.0}, ""priority_groups_observed"": [[0.9999990000000001, 0.999999, 0.999999], [0.9999990000000001, 0.999999, 0.999999], [0.9999990000000001, 0.999999, 0.999999], [0.9999990000000001, 0.999999, 0.999999], [0.9999990000000001, 0.999999, 0.999999], [0.9999990000000001, 0.999999, 0.999999], [0.9999990000000001, 0.999999, 0.999999], [1.0, 1.0, 1.0], [1.0, 1.0, 1.0], [1.0, 1.0, 1.0], [1.0, 1.0, 1.0], [1.0, 1.0, 1.0], [0.9999990000000001, 0.999999, 0.999999], [0.9999990000000001, 0.999999, 0.999999], [1.0, 1.0, 1.0], [1.0, 1.0, 1.0], [1.0, 1.0, 1.0], [1.0, 1.0, 1.0], [1.0, 1.0, 1.0], [0.9999990000000001, 0.999999, 0.999999], [0.9999990000000001, 0.999999, 0.9999989999999999], [1.0, 1.0, 1.0], [1.0, 1.0, 1.0], [1.0, 1.0, 1.0], [1.0, 1.0, 1.0], [1.0, 1.0, 1.0], [0.9999990000000001, 0.999999, 0.999999], [0.9999990000000001, 0.999999, 0.999999], [1.0, 1.0, 1.0], [1.0, 1.0, 1.0]], ""priority_audit_seconds"": 0.9131501261726953}",runs/y25_h0_g0.json
25,0,1,whole_body_total_heat_v1,0.7914577584928468,7.75,1000.0,policy_failure,failed,"{""C"": false, ""E"": null, ""S"": null, ""R"": null}","{""energy_wh"": -906.0, ""body_power_w"": 143.82199391049215}","{""equipment_unavailable"": 0.0, ""initial_equipment_unavailable"": 0.0}","{""soc_lower"": -0.95, ""soc_upper"": 0.0, ""time_alignment_hours"": -1e-09, ""electrical_balance_wh"": -1e-08, ""battery_temperature_state_c"": 0.0, ""forcing_alignment"": 0.0}",Only 0 of 30 intervals are present; unseen intervals were not imputed.,"{""scheduled_steps"": 30, ""observed_steps"": 0, ""full_duration_hours"": 3.0, ""observed_duration_hours"": 0.0, ""mean_thermal_score_observed"": null, ""whole_body_unmet_heat_wh"": 0.0, ""service_floor_shortfall_duration_hours"": 0.0, ""allocation_deficit_duration_hours"": [0.0, 0.0, 0.0, 0.0, 0.0, 0.0, 0.0, 0.0, 0.0, 0.0, 0.0, 0.0], ""allocation_unmet_heat_wh"": [0.0, 0.0, 0.0, 0.0, 0.0, 0.0, 0.0, 0.0, 0.0, 0.0, 0.0, 0.0], ""electrical_load_energy_wh"": 0.0, ""pv_available_energy_wh"": 0.0, ""pv_used_energy_wh"": 0.0, ""pv_curtailed_energy_wh"": 0.0, ""discharged_ah"": 0.0, ""minimum_soc"": 1.0, ""observed_end_soc"": 1.0, ""terminal_soc"": null, ""low_soc_duration_hours"": 0.0, ""peak_load_w"": null, ""equipment_on_duration_hours"": 0.0, ""air_temperature_range_c"": null, ""filtered_air_temperature_range_c"": null, ""battery_temperature_range_c"": {""minimum"": 20.0, ""maximum"": 20.0}, ""priority_groups_observed"": [], ""priority_audit_seconds"": 0.0}",runs/y25_h0_g1.json
25,0,2,whole_body_total_heat_v1,0.9711727456437672,7.45,750.0,feasible,success,"{""C"": true, ""E"": true, ""S"": true, ""R"": true}","{""energy_wh"": -1104.0, ""body_power_w"": 16.783574370240345}","{""equipment_unavailable"": 0.0, ""initial_equipment_unavailable"": 0.0}","{""soc_lower"": -0.8540667587848233, ""soc_upper"": 0.0, ""time_alignment_hours"": -1e-09, ""electrical_balance_wh"": -1e-08, ""battery_temperature_state_c"": 0.0, ""forcing_alignment"": 0.0, ""pwm_lower"": -0.0, ""pwm_mask"": 0.0, ""equipment_availability"": 0.0, ""pv_lower_w"": -0.0, ""pv_upper_w"": 0.0, ""equipment_hysteresis"": 0.0, ""sensor_filter_state_c"": 0.0, ""priority_conformance"": -1.0099999963817737e-07, ""discharge_w"": -1393.0, ""charge_w"": -755.0, ""bus_w"": -93.0, ""service"": 0.0, ""service_oversupply"": 0.0, ""terminal_soc"": -0.7540667587848233}",,"{""scheduled_steps"": 30, ""observed_steps"": 30, ""full_duration_hours"": 3.0, ""observed_duration_hours"": 3.0, ""mean_thermal_score_observed"": 0.9711727456437672, ""whole_body_unmet_heat_wh"": 0.0, ""service_floor_shortfall_duration_hours"": 0.0, ""allocation_deficit_duration_hours"": [0.5, 0.7999999999999999, 0.0, 1.3, 1.3, 0.8999999999999999, 1.2, 1.2, null, null, null, null], ""allocation_unmet_heat_wh"": [0.046083659755946194, 0.04609686095651489, 0.0, 7.254263349745117, 1.1313672918587212, 1.131356900309172, 1.3106890752301918, 1.3106851474904846, null, null, null, null], ""electrical_load_energy_wh"": 143.89986182276635, ""pv_available_energy_wh"": 0.0, ""pv_used_energy_wh"": 0.0, ""pv_curtailed_energy_wh"": 0.0, ""discharged_ah"": 13.324061279885768, ""minimum_soc"": 0.9040667587848233, ""observed_end_soc"": 0.9040667587848233, ""terminal_soc"": 0.9040667587848233, ""low_soc_duration_hours"": 0.0, ""peak_load_w"": 107.0, ""equipment_on_duration_hours"": 0.0, ""air_temperature_range_c"": {""minimum"": -11.2, ""maximum"": -8.8}, ""filtered_air_temperature_range_c"": {""minimum"": -11.2, ""maximum"": -8.8}, ""battery_temperature_range_c"": {""minimum"": 7.82751130541229, ""maximum"": 20.0}, ""priority_groups_observed"": [[0.8566179150727525, 0.7630018329113268, 0.8415461392404341], [0.8566179150727525, 0.7630018329113268, 0.8415461392404341], [0.8566179150727525, 0.7630018329113268, 0.8415461392404341], [0.8566179150727525, 0.7630018329113268, 0.8415461392404341], [0.8566179150727525, 0.7630018329113268, 0.8415461392404341], [0.9233810114921733, 0.9310100480794444, 0.9999990000000001], [0.9233810114921733, 0.9310100480794444, 0.9999990000000001], [1.0, 1.0, 1.0], [1.0, 1.0, 1.0], [1.0, 1.0, 1.0], [1.0, 1.0, 1.0], [1.0, 1.0, 1.0], [0.9069674261907866, 0.887668866825682, 0.9790465442930317], [0.9069674261907866, 0.887668866825682, 0.9790465442930317], [1.0, 1.0, 1.0], [1.0, 1.0, 1.0], [1.0, 1.0, 1.0], [1.0, 1.0, 1.0], [1.0, 1.0, 1.0], [0.9069674261907866, 0.887668866825682, 0.9790465442930317], [0.927822546445831, 0.9427411325227286, 0.9999989999999996], [1.0, 1.0, 1.0], [1.0, 1.0, 1.0], [1.0, 1.0, 1.0], [1.0, 1.0, 1.0], [1.0, 1.0, 1.0], [0.9726182487105202, 0.9999990000000001, 0.9999990000000001], [0.9726182487105202, 0.9999990000000001, 0.9999990000000001], [1.0, 1.0, 1.0], [1.0, 1.0, 1.0]], ""priority_audit_seconds"": 0.7899825408821926}",runs/y25_h0_g2.json
25,0,3,whole_body_total_heat_v1,0.6457480899723209,7.25,650.0,policy_failure,failed,"{""C"": false, ""E"": null, ""S"": null, ""R"": null}","{""energy_wh"": -1104.0, ""body_power_w"": 337.6692318631293}","{""equipment_unavailable"": 0.0, ""initial_equipment_unavailable"": 0.0}","{""soc_lower"": -0.95, ""soc_upper"": 0.0, ""time_alignment_hours"": -1e-09, ""electrical_balance_wh"": -1e-08, ""battery_temperature_state_c"": 0.0, ""forcing_alignment"": 0.0}",Only 0 of 30 intervals are present; unseen intervals were not imputed.,"{""scheduled_steps"": 30, ""observed_steps"": 0, ""full_duration_hours"": 3.0, ""observed_duration_hours"": 0.0, ""mean_thermal_score_observed"": null, ""whole_body_unmet_heat_wh"": 0.0, ""service_floor_shortfall_duration_hours"": 0.0, ""allocation_deficit_duration_hours"": [0.0, 0.0, 0.0, 0.0, 0.0, 0.0, 0.0, 0.0, null, null, null, null], ""allocation_unmet_heat_wh"": [0.0, 0.0, 0.0, 0.0, 0.0, 0.0, 0.0, 0.0, null, null, null, null], ""electrical_load_energy_wh"": 0.0, ""pv_available_energy_wh"": 0.0, ""pv_used_energy_wh"": 0.0, ""pv_curtailed_energy_wh"": 0.0, ""discharged_ah"": 0.0, ""minimum_soc"": 1.0, ""observed_end_soc"": 1.0, ""terminal_soc"": null, ""low_soc_duration_hours"": 0.0, ""peak_load_w"": null, ""equipment_on_duration_hours"": 0.0, ""air_temperature_range_c"": null, ""filtered_air_temperature_range_c"": null, ""battery_temperature_range_c"": {""minimum"": 20.0, ""maximum"": 20.0}, ""priority_groups_observed"": [], ""priority_audit_seconds"": 0.0}",runs/y25_h0_g3.json
26,0,0,whole_body_total_heat_v1,1.0,8.5,1210.0,feasible,success,"{""C"": true, ""E"": true, ""S"": true, ""R"": true}","{""energy_wh"": -963.0, ""body_power_w"": -65.29319233476953}","{""equipment_unavailable"": 0.0, ""initial_equipment_unavailable"": 0.0}","{""soc_lower"": -0.8787664691442884, ""soc_upper"": 0.0, ""time_alignment_hours"": -1e-09, ""electrical_balance_wh"": -1e-08, ""battery_temperature_state_c"": 0.0, ""forcing_alignment"": 0.0, ""pwm_lower"": -0.0, ""pwm_mask"": -0.34685391078853056, ""equipment_availability"": 0.0, ""pv_lower_w"": -0.0, ""pv_upper_w"": 0.0, ""equipment_hysteresis"": 0.0, ""sensor_filter_state_c"": 0.0, ""priority_conformance"": -1.0099999986022198e-07, ""discharge_w"": -1466.5675918325835, ""charge_w"": -785.0, ""bus_w"": -106.56759183258342, ""service"": 0.0, ""service_oversupply"": 0.0, ""terminal_soc"": -0.7787664691442884}",,"{""scheduled_steps"": 30, ""observed_steps"": 30, ""full_duration_hours"": 3.0, ""observed_duration_hours"": 3.0, ""mean_thermal_score_observed"": 1.0, ""whole_body_unmet_heat_wh"": 0.0, ""service_floor_shortfall_duration_hours"": 0.0, ""allocation_deficit_duration_hours"": [0.8999999999999999, 0.8999999999999999, 0.0, 0.0, 0.5, 0.7999999999999999, 0.7, 1.0999999999999999, 0.1, 0.1, 0.0, 0.0], ""allocation_unmet_heat_wh"": [7.4773311979914325e-06, 2.0596198255429245e-05, 0.0, 0.0, 1.5617197562534105e-05, 2.5116296897920164e-05, 9.236559022385295e-06, 1.4216913221876127e-05, 8.881784197001253e-17, 8.881784197001253e-17, 0.0, 0.0], ""electrical_load_energy_wh"": 111.1243081349098, ""pv_available_energy_wh"": 0.0, ""pv_used_energy_wh"": 0.0, ""pv_curtailed_energy_wh"": 0.0, ""discharged_ah"": 10.289287790269425, ""minimum_soc"": 0.9287664691442884, ""observed_end_soc"": 0.9287664691442884, ""terminal_soc"": 0.9287664691442884, ""low_soc_duration_hours"": 0.0, ""peak_load_w"": 93.43240816741658, ""equipment_on_duration_hours"": 0.0, ""air_temperature_range_c"": {""minimum"": -11.2, ""maximum"": -8.8}, ""filtered_air_temperature_range_c"": {""minimum"": -11.2, ""maximum"": -8.8}, ""battery_temperature_range_c"": {""minimum"": 8.185274651339254, ""maximum"": 20.0}, ""priority_groups_observed"": [[0.9999990000000001, 0.999999, 0.999999], [0.9999990000000001, 0.999999, 0.999999], [0.9999990000000001, 0.999999, 0.999999], [0.9999990000000001, 0.999999, 0.999999], [0.9999990000000001, 0.999999, 0.999999], [0.9999990000000001, 0.999999, 0.999999], [0.9999990000000001, 0.999999, 0.999999], [1.0, 1.0, 1.0], [1.0, 1.0, 1.0], [1.0, 1.0, 1.0], [1.0, 1.0, 1.0], [1.0, 1.0, 1.0], [0.9999990000000001, 0.999999, 0.999999], [0.9999990000000001, 0.999999, 0.999999], [1.0, 1.0, 1.0], [1.0, 1.0, 1.0], [1.0, 1.0, 1.0], [1.0, 1.0, 1.0], [1.0, 1.0, 1.0], [0.9999990000000001, 0.999999, 0.999999], [0.9999990000000001, 0.999999, 0.9999989999999999], [1.0, 1.0, 1.0], [1.0, 1.0, 1.0], [1.0, 1.0, 1.0], [1.0, 1.0, 1.0], [1.0, 1.0, 1.0], [0.9999990000000001, 0.999999, 0.999999], [0.9999990000000001, 0.999999, 0.999999], [1.0, 1.0, 1.0], [1.0, 1.0, 1.0]], ""priority_audit_seconds"": 0.9246946259518154}",runs/y26_h0_g0.json
26,0,1,whole_body_total_heat_v1,0.7914577584928468,8.0,1010.0,policy_failure,failed,"{""C"": false, ""E"": null, ""S"": null, ""R"": null}","{""energy_wh"": -963.0, ""body_power_w"": 143.82199391049215}","{""equipment_unavailable"": 0.0, ""initial_equipment_unavailable"": 0.0}","{""soc_lower"": -0.95, ""soc_upper"": 0.0, ""time_alignment_hours"": -1e-09, ""electrical_balance_wh"": -1e-08, ""battery_temperature_state_c"": 0.0, ""forcing_alignment"": 0.0}",Only 0 of 30 intervals are present; unseen intervals were not imputed.,"{""scheduled_steps"": 30, ""observed_steps"": 0, ""full_duration_hours"": 3.0, ""observed_duration_hours"": 0.0, ""mean_thermal_score_observed"": null, ""whole_body_unmet_heat_wh"": 0.0, ""service_floor_shortfall_duration_hours"": 0.0, ""allocation_deficit_duration_hours"": [0.0, 0.0, 0.0, 0.0, 0.0, 0.0, 0.0, 0.0, 0.0, 0.0, 0.0, 0.0], ""allocation_unmet_heat_wh"": [0.0, 0.0, 0.0, 0.0, 0.0, 0.0, 0.0, 0.0, 0.0, 0.0, 0.0, 0.0], ""electrical_load_energy_wh"": 0.0, ""pv_available_energy_wh"": 0.0, ""pv_used_energy_wh"": 0.0, ""pv_curtailed_energy_wh"": 0.0, ""discharged_ah"": 0.0, ""minimum_soc"": 1.0, ""observed_end_soc"": 1.0, ""terminal_soc"": null, ""low_soc_duration_hours"": 0.0, ""peak_load_w"": null, ""equipment_on_duration_hours"": 0.0, ""air_temperature_range_c"": null, ""filtered_air_temperature_range_c"": null, ""battery_temperature_range_c"": {""minimum"": 20.0, ""maximum"": 20.0}, ""priority_groups_observed"": [], ""priority_audit_seconds"": 0.0}",runs/y26_h0_g1.json
26,0,2,whole_body_total_heat_v1,0.9711727456437672,7.7,760.0,feasible,success,"{""C"": true, ""E"": true, ""S"": true, ""R"": true}","{""energy_wh"": -1161.0, ""body_power_w"": 16.783574370240345}","{""equipment_unavailable"": 0.0, ""initial_equipment_unavailable"": 0.0}","{""soc_lower"": -0.8577564988315604, ""soc_upper"": 0.0, ""time_alignment_hours"": -1e-09, ""electrical_balance_wh"": -1e-08, ""battery_temperature_state_c"": 0.0, ""forcing_alignment"": 0.0, ""pwm_lower"": -0.0, ""pwm_mask"": 0.0, ""equipment_availability"": 0.0, ""pv_lower_w"": -0.0, ""pv_upper_w"": 0.0, ""equipment_hysteresis"": 0.0, ""sensor_filter_state_c"": 0.0, ""priority_conformance"": -1.0099999963817737e-07, ""discharge_w"": -1453.0, ""charge_w"": -785.0, ""bus_w"": -93.0, ""service"": 0.0, ""service_oversupply"": 0.0, ""terminal_soc"": -0.7577564988315604}",,"{""scheduled_steps"": 30, ""observed_steps"": 30, ""full_duration_hours"": 3.0, ""observed_duration_hours"": 3.0, ""mean_thermal_score_observed"": 0.9711727456437672, ""whole_body_unmet_heat_wh"": 0.0, ""service_floor_shortfall_duration_hours"": 0.0, ""allocation_deficit_duration_hours"": [0.5, 0.7999999999999999, 0.0, 1.3, 1.3, 0.8999999999999999, 1.2, 1.2, null, null, null, null], ""allocation_unmet_heat_wh"": [0.046083659755946194, 0.04609686095651489, 0.0, 7.254263349745117, 1.1313672918587212, 1.131356900309172, 1.3106890752301918, 1.3106851474904846, null, null, null, null], ""electrical_load_energy_wh"": 143.89986182276635, ""pv_available_energy_wh"": 0.0, ""pv_used_energy_wh"": 0.0, ""pv_curtailed_energy_wh"": 0.0, ""discharged_ah"": 13.324061279885768, ""minimum_soc"": 0.9077564988315604, ""observed_end_soc"": 0.9077564988315604, ""terminal_soc"": 0.9077564988315604, ""low_soc_duration_hours"": 0.0, ""peak_load_w"": 107.0, ""equipment_on_duration_hours"": 0.0, ""air_temperature_range_c"": {""minimum"": -11.2, ""maximum"": -8.8}, ""filtered_air_temperature_range_c"": {""minimum"": -11.2, ""maximum"": -8.8}, ""battery_temperature_range_c"": {""minimum"": 8.185274651339254, ""maximum"": 20.0}, ""priority_groups_observed"": [[0.8566179150727525, 0.7630018329113268, 0.8415461392404341], [0.8566179150727525, 0.7630018329113268, 0.8415461392404341], [0.8566179150727525, 0.7630018329113268, 0.8415461392404341], [0.8566179150727525, 0.7630018329113268, 0.8415461392404341], [0.8566179150727525, 0.7630018329113268, 0.8415461392404341], [0.9233810114921733, 0.9310100480794444, 0.9999990000000001], [0.9233810114921733, 0.9310100480794444, 0.9999990000000001], [1.0, 1.0, 1.0], [1.0, 1.0, 1.0], [1.0, 1.0, 1.0], [1.0, 1.0, 1.0], [1.0, 1.0, 1.0], [0.9069674261907866, 0.887668866825682, 0.9790465442930317], [0.9069674261907866, 0.887668866825682, 0.9790465442930317], [1.0, 1.0, 1.0], [1.0, 1.0, 1.0], [1.0, 1.0, 1.0], [1.0, 1.0, 1.0], [1.0, 1.0, 1.0], [0.9069674261907866, 0.887668866825682, 0.9790465442930317], [0.927822546445831, 0.9427411325227286, 0.9999989999999996], [1.0, 1.0, 1.0], [1.0, 1.0, 1.0], [1.0, 1.0, 1.0], [1.0, 1.0, 1.0], [1.0, 1.0, 1.0], [0.9726182487105202, 0.9999990000000001, 0.9999990000000001], [0.9726182487105202, 0.9999990000000001, 0.9999990000000001], [1.0, 1.0, 1.0], [1.0, 1.0, 1.0]], ""priority_audit_seconds"": 0.7840624169330113}",runs/y26_h0_g2.json
26,0,3,whole_body_total_heat_v1,0.6457480899723209,7.5,660.0,policy_failure,failed,"{""C"": false, ""E"": null, ""S"": null, ""R"": null}","{""energy_wh"": -1161.0, ""body_power_w"": 337.6692318631293}","{""equipment_unavailable"": 0.0, ""initial_equipment_unavailable"": 0.0}","{""soc_lower"": -0.95, ""soc_upper"": 0.0, ""time_alignment_hours"": -1e-09, ""electrical_balance_wh"": -1e-08, ""battery_temperature_state_c"": 0.0, ""forcing_alignment"": 0.0}",Only 0 of 30 intervals are present; unseen intervals were not imputed.,"{""scheduled_steps"": 30, ""observed_steps"": 0, ""full_duration_hours"": 3.0, ""observed_duration_hours"": 0.0, ""mean_thermal_score_observed"": null, ""whole_body_unmet_heat_wh"": 0.0, ""service_floor_shortfall_duration_hours"": 0.0, ""allocation_deficit_duration_hours"": [0.0, 0.0, 0.0, 0.0, 0.0, 0.0, 0.0, 0.0, null, null, null, null], ""allocation_unmet_heat_wh"": [0.0, 0.0, 0.0, 0.0, 0.0, 0.0, 0.0, 0.0, null, null, null, null], ""electrical_load_energy_wh"": 0.0, ""pv_available_energy_wh"": 0.0, ""pv_used_energy_wh"": 0.0, ""pv_curtailed_energy_wh"": 0.0, ""discharged_ah"": 0.0, ""minimum_soc"": 1.0, ""observed_end_soc"": 1.0, ""terminal_soc"": null, ""low_soc_duration_hours"": 0.0, ""peak_load_w"": null, ""equipment_on_duration_hours"": 0.0, ""air_temperature_range_c"": null, ""filtered_air_temperature_range_c"": null, ""battery_temperature_range_c"": {""minimum"": 20.0, ""maximum"": 20.0}, ""priority_groups_observed"": [], ""priority_audit_seconds"": 0.0}",runs/y26_h0_g3.json
27,0,0,whole_body_total_heat_v1,1.0,8.75,1220.0,feasible,success,"{""C"": true, ""E"": true, ""S"": true, ""R"": true}","{""energy_wh"": -1020.0, ""body_power_w"": -65.29319233476953}","{""equipment_unavailable"": 0.0, ""initial_equipment_unavailable"": 0.0}","{""soc_lower"": -0.8814047480648696, ""soc_upper"": 0.0, ""time_alignment_hours"": -1e-09, ""electrical_balance_wh"": -1e-08, ""battery_temperature_state_c"": 0.0, ""forcing_alignment"": 0.0, ""pwm_lower"": -0.0, ""pwm_mask"": -0.34685391078853056, ""equipment_availability"": 0.0, ""pv_lower_w"": -0.0, ""pv_upper_w"": 0.0, ""equipment_hysteresis"": 0.0, ""sensor_filter_state_c"": 0.0, ""priority_conformance"": -1.0099999986022198e-07, ""discharge_w"": -1526.5675918325835, ""charge_w"": -815.0, ""bus_w"": -106.56759183258342, ""service"": 0.0, ""service_oversupply"": 0.0, ""terminal_soc"": -0.7814047480648696}",,"{""scheduled_steps"": 30, ""observed_steps"": 30, ""full_duration_hours"": 3.0, ""observed_duration_hours"": 3.0, ""mean_thermal_score_observed"": 1.0, ""whole_body_unmet_heat_wh"": 0.0, ""service_floor_shortfall_duration_hours"": 0.0, ""allocation_deficit_duration_hours"": [0.8999999999999999, 0.8999999999999999, 0.0, 0.0, 0.5, 0.7999999999999999, 0.7, 1.0999999999999999, 0.1, 0.1, 0.0, 0.0], ""allocation_unmet_heat_wh"": [7.4773311979914325e-06, 2.0596198255429245e-05, 0.0, 0.0, 1.5617197562534105e-05, 2.5116296897920164e-05, 9.236559022385295e-06, 1.4216913221876127e-05, 8.881784197001253e-17, 8.881784197001253e-17, 0.0, 0.0], ""electrical_load_energy_wh"": 111.1243081349098, ""pv_available_energy_wh"": 0.0, ""pv_used_energy_wh"": 0.0, ""pv_curtailed_energy_wh"": 0.0, ""discharged_ah"": 10.289287790269425, ""minimum_soc"": 0.9314047480648696, ""observed_end_soc"": 0.9314047480648696, ""terminal_soc"": 0.9314047480648696, ""low_soc_duration_hours"": 0.0, ""peak_load_w"": 93.43240816741658, ""equipment_on_duration_hours"": 0.0, ""air_temperature_range_c"": {""minimum"": -11.2, ""maximum"": -8.8}, ""filtered_air_temperature_range_c"": {""minimum"": -11.2, ""maximum"": -8.8}, ""battery_temperature_range_c"": {""minimum"": 8.523175275561778, ""maximum"": 20.0}, ""priority_groups_observed"": [[0.9999990000000001, 0.999999, 0.999999], [0.9999990000000001, 0.999999, 0.999999], [0.9999990000000001, 0.999999, 0.999999], [0.9999990000000001, 0.999999, 0.999999], [0.9999990000000001, 0.999999, 0.999999], [0.9999990000000001, 0.999999, 0.999999], [0.9999990000000001, 0.999999, 0.999999], [1.0, 1.0, 1.0], [1.0, 1.0, 1.0], [1.0, 1.0, 1.0], [1.0, 1.0, 1.0], [1.0, 1.0, 1.0], [0.9999990000000001, 0.999999, 0.999999], [0.9999990000000001, 0.999999, 0.999999], [1.0, 1.0, 1.0], [1.0, 1.0, 1.0], [1.0, 1.0, 1.0], [1.0, 1.0, 1.0], [1.0, 1.0, 1.0], [0.9999990000000001, 0.999999, 0.999999], [0.9999990000000001, 0.999999, 0.9999989999999999], [1.0, 1.0, 1.0], [1.0, 1.0, 1.0], [1.0, 1.0, 1.0], [1.0, 1.0, 1.0], [1.0, 1.0, 1.0], [0.9999990000000001, 0.999999, 0.999999], [0.9999990000000001, 0.999999, 0.999999], [1.0, 1.0, 1.0], [1.0, 1.0, 1.0]], ""priority_audit_seconds"": 1.0941477491287515}",runs/y27_h0_g0.json
27,0,1,whole_body_total_heat_v1,0.7914577584928468,8.25,1020.0,policy_failure,failed,"{""C"": false, ""E"": null, ""S"": null, ""R"": null}","{""energy_wh"": -1020.0, ""body_power_w"": 143.82199391049215}","{""equipment_unavailable"": 0.0, ""initial_equipment_unavailable"": 0.0}","{""soc_lower"": -0.95, ""soc_upper"": 0.0, ""time_alignment_hours"": -1e-09, ""electrical_balance_wh"": -1e-08, ""battery_temperature_state_c"": 0.0, ""forcing_alignment"": 0.0}",Only 0 of 30 intervals are present; unseen intervals were not imputed.,"{""scheduled_steps"": 30, ""observed_steps"": 0, ""full_duration_hours"": 3.0, ""observed_duration_hours"": 0.0, ""mean_thermal_score_observed"": null, ""whole_body_unmet_heat_wh"": 0.0, ""service_floor_shortfall_duration_hours"": 0.0, ""allocation_deficit_duration_hours"": [0.0, 0.0, 0.0, 0.0, 0.0, 0.0, 0.0, 0.0, 0.0, 0.0, 0.0, 0.0], ""allocation_unmet_heat_wh"": [0.0, 0.0, 0.0, 0.0, 0.0, 0.0, 0.0, 0.0, 0.0, 0.0, 0.0, 0.0], ""electrical_load_energy_wh"": 0.0, ""pv_available_energy_wh"": 0.0, ""pv_used_energy_wh"": 0.0, ""pv_curtailed_energy_wh"": 0.0, ""discharged_ah"": 0.0, ""minimum_soc"": 1.0, ""observed_end_soc"": 1.0, ""terminal_soc"": null, ""low_soc_duration_hours"": 0.0, ""peak_load_w"": null, ""equipment_on_duration_hours"": 0.0, ""air_temperature_range_c"": null, ""filtered_air_temperature_range_c"": null, ""battery_temperature_range_c"": {""minimum"": 20.0, ""maximum"": 20.0}, ""priority_groups_observed"": [], ""priority_audit_seconds"": 0.0}",runs/y27_h0_g1.json
27,0,2,whole_body_total_heat_v1,0.9711727456437672,7.95,770.0,feasible,success,"{""C"": true, ""E"": true, ""S"": true, ""R"": true}","{""energy_wh"": -1218.0, ""body_power_w"": 16.783574370240345}","{""equipment_unavailable"": 0.0, ""initial_equipment_unavailable"": 0.0}","{""soc_lower"": -0.8611729248007612, ""soc_upper"": 0.0, ""time_alignment_hours"": -1e-09, ""electrical_balance_wh"": -1e-08, ""battery_temperature_state_c"": 0.0, ""forcing_alignment"": 0.0, ""pwm_lower"": -0.0, ""pwm_mask"": 0.0, ""equipment_availability"": 0.0, ""pv_lower_w"": -0.0, ""pv_upper_w"": 0.0, ""equipment_hysteresis"": 0.0, ""sensor_filter_state_c"": 0.0, ""priority_conformance"": -1.0099999963817737e-07, ""discharge_w"": -1513.0, ""charge_w"": -815.0, ""bus_w"": -93.0, ""service"": 0.0, ""service_oversupply"": 0.0, ""terminal_soc"": -0.7611729248007613}",,"{""scheduled_steps"": 30, ""observed_steps"": 30, ""full_duration_hours"": 3.0, ""observed_duration_hours"": 3.0, ""mean_thermal_score_observed"": 0.9711727456437672, ""whole_body_unmet_heat_wh"": 0.0, ""service_floor_shortfall_duration_hours"": 0.0, ""allocation_deficit_duration_hours"": [0.5, 0.7999999999999999, 0.0, 1.3, 1.3, 0.8999999999999999, 1.2, 1.2, null, null, null, null], ""allocation_unmet_heat_wh"": [0.046083659755946194, 0.04609686095651489, 0.0, 7.254263349745117, 1.1313672918587212, 1.131356900309172, 1.3106890752301918, 1.3106851474904846, null, null, null, null], ""electrical_load_energy_wh"": 143.89986182276635, ""pv_available_energy_wh"": 0.0, ""pv_used_energy_wh"": 0.0, ""pv_curtailed_energy_wh"": 0.0, ""discharged_ah"": 13.324061279885768, ""minimum_soc"": 0.9111729248007613, ""observed_end_soc"": 0.9111729248007613, ""terminal_soc"": 0.9111729248007613, ""low_soc_duration_hours"": 0.0, ""peak_load_w"": 107.0, ""equipment_on_duration_hours"": 0.0, ""air_temperature_range_c"": {""minimum"": -11.2, ""maximum"": -8.8}, ""filtered_air_temperature_range_c"": {""minimum"": -11.2, ""maximum"": -8.8}, ""battery_temperature_range_c"": {""minimum"": 8.523175275561778, ""maximum"": 20.0}, ""priority_groups_observed"": [[0.8566179150727525, 0.7630018329113268, 0.8415461392404341], [0.8566179150727525, 0.7630018329113268, 0.8415461392404341], [0.8566179150727525, 0.7630018329113268, 0.8415461392404341], [0.8566179150727525, 0.7630018329113268, 0.8415461392404341], [0.8566179150727525, 0.7630018329113268, 0.8415461392404341], [0.9233810114921733, 0.9310100480794444, 0.9999990000000001], [0.9233810114921733, 0.9310100480794444, 0.9999990000000001], [1.0, 1.0, 1.0], [1.0, 1.0, 1.0], [1.0, 1.0, 1.0], [1.0, 1.0, 1.0], [1.0, 1.0, 1.0], [0.9069674261907866, 0.887668866825682, 0.9790465442930317], [0.9069674261907866, 0.887668866825682, 0.9790465442930317], [1.0, 1.0, 1.0], [1.0, 1.0, 1.0], [1.0, 1.0, 1.0], [1.0, 1.0, 1.0], [1.0, 1.0, 1.0], [0.9069674261907866, 0.887668866825682, 0.9790465442930317], [0.927822546445831, 0.9427411325227286, 0.9999989999999996], [1.0, 1.0, 1.0], [1.0, 1.0, 1.0], [1.0, 1.0, 1.0], [1.0, 1.0, 1.0], [1.0, 1.0, 1.0], [0.9726182487105202, 0.9999990000000001, 0.9999990000000001], [0.9726182487105202, 0.9999990000000001, 0.9999990000000001], [1.0, 1.0, 1.0], [1.0, 1.0, 1.0]], ""priority_audit_seconds"": 0.7721231241594069}",runs/y27_h0_g2.json
27,0,3,whole_body_total_heat_v1,0.6457480899723209,7.75,670.0,policy_failure,failed,"{""C"": false, ""E"": null, ""S"": null, ""R"": null}","{""energy_wh"": -1218.0, ""body_power_w"": 337.6692318631293}","{""equipment_unavailable"": 0.0, ""initial_equipment_unavailable"": 0.0}","{""soc_lower"": -0.95, ""soc_upper"": 0.0, ""time_alignment_hours"": -1e-09, ""electrical_balance_wh"": -1e-08, ""battery_temperature_state_c"": 0.0, ""forcing_alignment"": 0.0}",Only 0 of 30 intervals are present; unseen intervals were not imputed.,"{""scheduled_steps"": 30, ""observed_steps"": 0, ""full_duration_hours"": 3.0, ""observed_duration_hours"": 0.0, ""mean_thermal_score_observed"": null, ""whole_body_unmet_heat_wh"": 0.0, ""service_floor_shortfall_duration_hours"": 0.0, ""allocation_deficit_duration_hours"": [0.0, 0.0, 0.0, 0.0, 0.0, 0.0, 0.0, 0.0, null, null, null, null], ""allocation_unmet_heat_wh"": [0.0, 0.0, 0.0, 0.0, 0.0, 0.0, 0.0, 0.0, null, null, null, null], ""electrical_load_energy_wh"": 0.0, ""pv_available_energy_wh"": 0.0, ""pv_used_energy_wh"": 0.0, ""pv_curtailed_energy_wh"": 0.0, ""discharged_ah"": 0.0, ""minimum_soc"": 1.0, ""observed_end_soc"": 1.0, ""terminal_soc"": null, ""low_soc_duration_hours"": 0.0, ""peak_load_w"": null, ""equipment_on_duration_hours"": 0.0, ""air_temperature_range_c"": null, ""filtered_air_temperature_range_c"": null, ""battery_temperature_range_c"": {""minimum"": 20.0, ""maximum"": 20.0}, ""priority_groups_observed"": [], ""priority_audit_seconds"": 0.0}",runs/y27_h0_g3.json
28,0,0,whole_body_total_heat_v1,1.0,9.0,1230.0,feasible,success,"{""C"": true, ""E"": true, ""S"": true, ""R"": true}","{""energy_wh"": -1077.0, ""body_power_w"": -65.29319233476953}","{""equipment_unavailable"": 0.0, ""initial_equipment_unavailable"": 0.0}","{""soc_lower"": -0.8838545784911248, ""soc_upper"": 0.0, ""time_alignment_hours"": -1e-09, ""electrical_balance_wh"": -1e-08, ""battery_temperature_state_c"": 0.0, ""forcing_alignment"": 0.0, ""pwm_lower"": -0.0, ""pwm_mask"": -0.34685391078853056, ""equipment_availability"": 0.0, ""pv_lower_w"": -0.0, ""pv_upper_w"": 0.0, ""equipment_hysteresis"": 0.0, ""sensor_filter_state_c"": 0.0, ""priority_conformance"": -1.0099999986022198e-07, ""discharge_w"": -1586.5675918325835, ""charge_w"": -845.0, ""bus_w"": -106.56759183258342, ""service"": 0.0, ""service_oversupply"": 0.0, ""terminal_soc"": -0.7838545784911248}",,"{""scheduled_steps"": 30, ""observed_steps"": 30, ""full_duration_hours"": 3.0, ""observed_duration_hours"": 3.0, ""mean_thermal_score_observed"": 1.0, ""whole_body_unmet_heat_wh"": 0.0, ""service_floor_shortfall_duration_hours"": 0.0, ""allocation_deficit_duration_hours"": [0.8999999999999999, 0.8999999999999999, 0.0, 0.0, 0.5, 0.7999999999999999, 0.7, 1.0999999999999999, 0.1, 0.1, 0.0, 0.0], ""allocation_unmet_heat_wh"": [7.4773311979914325e-06, 2.0596198255429245e-05, 0.0, 0.0, 1.5617197562534105e-05, 2.5116296897920164e-05, 9.236559022385295e-06, 1.4216913221876127e-05, 8.881784197001253e-17, 8.881784197001253e-17, 0.0, 0.0], ""electrical_load_energy_wh"": 111.1243081349098, ""pv_available_energy_wh"": 0.0, ""pv_used_energy_wh"": 0.0, ""pv_curtailed_energy_wh"": 0.0, ""discharged_ah"": 10.289287790269425, ""minimum_soc"": 0.9338545784911249, ""observed_end_soc"": 0.9338545784911249, ""terminal_soc"": 0.9338545784911249, ""low_soc_duration_hours"": 0.0, ""peak_load_w"": 93.43240816741658, ""equipment_on_duration_hours"": 0.0, ""air_temperature_range_c"": {""minimum"": -11.2, ""maximum"": -8.8}, ""filtered_air_temperature_range_c"": {""minimum"": -11.2, ""maximum"": -8.8}, ""battery_temperature_range_c"": {""minimum"": 8.842764543982511, ""maximum"": 20.0}, ""priority_groups_observed"": [[0.9999990000000001, 0.999999, 0.999999], [0.9999990000000001, 0.999999, 0.999999], [0.9999990000000001, 0.999999, 0.999999], [0.9999990000000001, 0.999999, 0.999999], [0.9999990000000001, 0.999999, 0.999999], [0.9999990000000001, 0.999999, 0.999999], [0.9999990000000001, 0.999999, 0.999999], [1.0, 1.0, 1.0], [1.0, 1.0, 1.0], [1.0, 1.0, 1.0], [1.0, 1.0, 1.0], [1.0, 1.0, 1.0], [0.9999990000000001, 0.999999, 0.999999], [0.9999990000000001, 0.999999, 0.999999], [1.0, 1.0, 1.0], [1.0, 1.0, 1.0], [1.0, 1.0, 1.0], [1.0, 1.0, 1.0], [1.0, 1.0, 1.0], [0.9999990000000001, 0.999999, 0.999999], [0.9999990000000001, 0.999999, 0.9999989999999999], [1.0, 1.0, 1.0], [1.0, 1.0, 1.0], [1.0, 1.0, 1.0], [1.0, 1.0, 1.0], [1.0, 1.0, 1.0], [0.9999990000000001, 0.999999, 0.999999], [0.9999990000000001, 0.999999, 0.999999], [1.0, 1.0, 1.0], [1.0, 1.0, 1.0]], ""priority_audit_seconds"": 0.8841438372037373}",runs/y28_h0_g0.json
28,0,1,whole_body_total_heat_v1,0.7914577584928468,8.5,1030.0,policy_failure,failed,"{""C"": false, ""E"": null, ""S"": null, ""R"": null}","{""energy_wh"": -1077.0, ""body_power_w"": 143.82199391049215}","{""equipment_unavailable"": 0.0, ""initial_equipment_unavailable"": 0.0}","{""soc_lower"": -0.95, ""soc_upper"": 0.0, ""time_alignment_hours"": -1e-09, ""electrical_balance_wh"": -1e-08, ""battery_temperature_state_c"": 0.0, ""forcing_alignment"": 0.0}",Only 0 of 30 intervals are present; unseen intervals were not imputed.,"{""scheduled_steps"": 30, ""observed_steps"": 0, ""full_duration_hours"": 3.0, ""observed_duration_hours"": 0.0, ""mean_thermal_score_observed"": null, ""whole_body_unmet_heat_wh"": 0.0, ""service_floor_shortfall_duration_hours"": 0.0, ""allocation_deficit_duration_hours"": [0.0, 0.0, 0.0, 0.0, 0.0, 0.0, 0.0, 0.0, 0.0, 0.0, 0.0, 0.0], ""allocation_unmet_heat_wh"": [0.0, 0.0, 0.0, 0.0, 0.0, 0.0, 0.0, 0.0, 0.0, 0.0, 0.0, 0.0], ""electrical_load_energy_wh"": 0.0, ""pv_available_energy_wh"": 0.0, ""pv_used_energy_wh"": 0.0, ""pv_curtailed_energy_wh"": 0.0, ""discharged_ah"": 0.0, ""minimum_soc"": 1.0, ""observed_end_soc"": 1.0, ""terminal_soc"": null, ""low_soc_duration_hours"": 0.0, ""peak_load_w"": null, ""equipment_on_duration_hours"": 0.0, ""air_temperature_range_c"": null, ""filtered_air_temperature_range_c"": null, ""battery_temperature_range_c"": {""minimum"": 20.0, ""maximum"": 20.0}, ""priority_groups_observed"": [], ""priority_audit_seconds"": 0.0}",runs/y28_h0_g1.json
28,0,2,whole_body_total_heat_v1,0.9711727456437672,8.2,780.0,feasible,success,"{""C"": true, ""E"": true, ""S"": true, ""R"": true}","{""energy_wh"": -1275.0, ""body_power_w"": 16.783574370240345}","{""equipment_unavailable"": 0.0, ""initial_equipment_unavailable"": 0.0}","{""soc_lower"": -0.8643453203435911, ""soc_upper"": 0.0, ""time_alignment_hours"": -1e-09, ""electrical_balance_wh"": -1e-08, ""battery_temperature_state_c"": 0.0, ""forcing_alignment"": 0.0, ""pwm_lower"": -0.0, ""pwm_mask"": 0.0, ""equipment_availability"": 0.0, ""pv_lower_w"": -0.0, ""pv_upper_w"": 0.0, ""equipment_hysteresis"": 0.0, ""sensor_filter_state_c"": 0.0, ""priority_conformance"": -1.0099999963817737e-07, ""discharge_w"": -1573.0, ""charge_w"": -845.0, ""bus_w"": -93.0, ""service"": 0.0, ""service_oversupply"": 0.0, ""terminal_soc"": -0.7643453203435912}",,"{""scheduled_steps"": 30, ""observed_steps"": 30, ""full_duration_hours"": 3.0, ""observed_duration_hours"": 3.0, ""mean_thermal_score_observed"": 0.9711727456437672, ""whole_body_unmet_heat_wh"": 0.0, ""service_floor_shortfall_duration_hours"": 0.0, ""allocation_deficit_duration_hours"": [0.5, 0.7999999999999999, 0.0, 1.3, 1.3, 0.8999999999999999, 1.2, 1.2, null, null, null, null], ""allocation_unmet_heat_wh"": [0.046083659755946194, 0.04609686095651489, 0.0, 7.254263349745117, 1.1313672918587212, 1.131356900309172, 1.3106890752301918, 1.3106851474904846, null, null, null, null], ""electrical_load_energy_wh"": 143.89986182276635, ""pv_available_energy_wh"": 0.0, ""pv_used_energy_wh"": 0.0, ""pv_curtailed_energy_wh"": 0.0, ""discharged_ah"": 13.324061279885768, ""minimum_soc"": 0.9143453203435912, ""observed_end_soc"": 0.9143453203435912, ""terminal_soc"": 0.9143453203435912, ""low_soc_duration_hours"": 0.0, ""peak_load_w"": 107.0, ""equipment_on_duration_hours"": 0.0, ""air_temperature_range_c"": {""minimum"": -11.2, ""maximum"": -8.8}, ""filtered_air_temperature_range_c"": {""minimum"": -11.2, ""maximum"": -8.8}, ""battery_temperature_range_c"": {""minimum"": 8.842764543982511, ""maximum"": 20.0}, ""priority_groups_observed"": [[0.8566179150727525, 0.7630018329113268, 0.8415461392404341], [0.8566179150727525, 0.7630018329113268, 0.8415461392404341], [0.8566179150727525, 0.7630018329113268, 0.8415461392404341], [0.8566179150727525, 0.7630018329113268, 0.8415461392404341], [0.8566179150727525, 0.7630018329113268, 0.8415461392404341], [0.9233810114921733, 0.9310100480794444, 0.9999990000000001], [0.9233810114921733, 0.9310100480794444, 0.9999990000000001], [1.0, 1.0, 1.0], [1.0, 1.0, 1.0], [1.0, 1.0, 1.0], [1.0, 1.0, 1.0], [1.0, 1.0, 1.0], [0.9069674261907866, 0.887668866825682, 0.9790465442930317], [0.9069674261907866, 0.887668866825682, 0.9790465442930317], [1.0, 1.0, 1.0], [1.0, 1.0, 1.0], [1.0, 1.0, 1.0], [1.0, 1.0, 1.0], [1.0, 1.0, 1.0], [0.9069674261907866, 0.887668866825682, 0.9790465442930317], [0.927822546445831, 0.9427411325227286, 0.9999989999999996], [1.0, 1.0, 1.0], [1.0, 1.0, 1.0], [1.0, 1.0, 1.0], [1.0, 1.0, 1.0], [1.0, 1.0, 1.0], [0.9726182487105202, 0.9999990000000001, 0.9999990000000001], [0.9726182487105202, 0.9999990000000001, 0.9999990000000001], [1.0, 1.0, 1.0], [1.0, 1.0, 1.0]], ""priority_audit_seconds"": 0.7771133711212315}",runs/y28_h0_g2.json
28,0,3,whole_body_total_heat_v1,0.6457480899723209,8.0,680.0,policy_failure,failed,"{""C"": false, ""E"": null, ""S"": null, ""R"": null}","{""energy_wh"": -1275.0, ""body_power_w"": 337.6692318631293}","{""equipment_unavailable"": 0.0, ""initial_equipment_unavailable"": 0.0}","{""soc_lower"": -0.95, ""soc_upper"": 0.0, ""time_alignment_hours"": -1e-09, ""electrical_balance_wh"": -1e-08, ""battery_temperature_state_c"": 0.0, ""forcing_alignment"": 0.0}",Only 0 of 30 intervals are present; unseen intervals were not imputed.,"{""scheduled_steps"": 30, ""observed_steps"": 0, ""full_duration_hours"": 3.0, ""observed_duration_hours"": 0.0, ""mean_thermal_score_observed"": null, ""whole_body_unmet_heat_wh"": 0.0, ""service_floor_shortfall_duration_hours"": 0.0, ""allocation_deficit_duration_hours"": [0.0, 0.0, 0.0, 0.0, 0.0, 0.0, 0.0, 0.0, null, null, null, null], ""allocation_unmet_heat_wh"": [0.0, 0.0, 0.0, 0.0, 0.0, 0.0, 0.0, 0.0, null, null, null, null], ""electrical_load_energy_wh"": 0.0, ""pv_available_energy_wh"": 0.0, ""pv_used_energy_wh"": 0.0, ""pv_curtailed_energy_wh"": 0.0, ""discharged_ah"": 0.0, ""minimum_soc"": 1.0, ""observed_end_soc"": 1.0, ""terminal_soc"": null, ""low_soc_duration_hours"": 0.0, ""peak_load_w"": null, ""equipment_on_duration_hours"": 0.0, ""air_temperature_range_c"": null, ""filtered_air_temperature_range_c"": null, ""battery_temperature_range_c"": {""minimum"": 20.0, ""maximum"": 20.0}, ""priority_groups_observed"": [], ""priority_audit_seconds"": 0.0}",runs/y28_h0_g3.json
29,0,0,whole_body_total_heat_v1,1.0,9.25,1240.0,feasible,success,"{""C"": true, ""E"": true, ""S"": true, ""R"": true}","{""energy_wh"": -1134.0, ""body_power_w"": -65.29319233476953}","{""equipment_unavailable"": 0.0, ""initial_equipment_unavailable"": 0.0}","{""soc_lower"": -0.8861354550948792, ""soc_upper"": 0.0, ""time_alignment_hours"": -1e-09, ""electrical_balance_wh"": -1e-08, ""battery_temperature_state_c"": 0.0, ""forcing_alignment"": 0.0, ""pwm_lower"": -0.0, ""pwm_mask"": -0.34685391078853056, ""equipment_availability"": 0.0, ""pv_lower_w"": -0.0, ""pv_upper_w"": 0.0, ""equipment_hysteresis"": 0.0, ""sensor_filter_state_c"": 0.0, ""priority_conformance"": -1.0099999986022198e-07, ""discharge_w"": -1646.5675918325835, ""charge_w"": -875.0, ""bus_w"": -106.56759183258342, ""service"": 0.0, ""service_oversupply"": 0.0, ""terminal_soc"": -0.7861354550948793}",,"{""scheduled_steps"": 30, ""observed_steps"": 30, ""full_duration_hours"": 3.0, ""observed_duration_hours"": 3.0, ""mean_thermal_score_observed"": 1.0, ""whole_body_unmet_heat_wh"": 0.0, ""service_floor_shortfall_duration_hours"": 0.0, ""allocation_deficit_duration_hours"": [0.8999999999999999, 0.8999999999999999, 0.0, 0.0, 0.5, 0.7999999999999999, 0.7, 1.0999999999999999, 0.1, 0.1, 0.0, 0.0], ""allocation_unmet_heat_wh"": [7.4773311979914325e-06, 2.0596198255429245e-05, 0.0, 0.0, 1.5617197562534105e-05, 2.5116296897920164e-05, 9.236559022385295e-06, 1.4216913221876127e-05, 8.881784197001253e-17, 8.881784197001253e-17, 0.0, 0.0], ""electrical_load_energy_wh"": 111.1243081349098, ""pv_available_energy_wh"": 0.0, ""pv_used_energy_wh"": 0.0, ""pv_curtailed_energy_wh"": 0.0, ""discharged_ah"": 10.289287790269425, ""minimum_soc"": 0.9361354550948793, ""observed_end_soc"": 0.9361354550948793, ""terminal_soc"": 0.9361354550948793, ""low_soc_duration_hours"": 0.0, ""peak_load_w"": 93.43240816741658, ""equipment_on_duration_hours"": 0.0, ""air_temperature_range_c"": {""minimum"": -11.2, ""maximum"": -8.8}, ""filtered_air_temperature_range_c"": {""minimum"": -11.2, ""maximum"": -8.8}, ""battery_temperature_range_c"": {""minimum"": 9.14544423673927, ""maximum"": 20.0}, ""priority_groups_observed"": [[0.9999990000000001, 0.999999, 0.999999], [0.9999990000000001, 0.999999, 0.999999], [0.9999990000000001, 0.999999, 0.999999], [0.9999990000000001, 0.999999, 0.999999], [0.9999990000000001, 0.999999, 0.999999], [0.9999990000000001, 0.999999, 0.999999], [0.9999990000000001, 0.999999, 0.999999], [1.0, 1.0, 1.0], [1.0, 1.0, 1.0], [1.0, 1.0, 1.0], [1.0, 1.0, 1.0], [1.0, 1.0, 1.0], [0.9999990000000001, 0.999999, 0.999999], [0.9999990000000001, 0.999999, 0.999999], [1.0, 1.0, 1.0], [1.0, 1.0, 1.0], [1.0, 1.0, 1.0], [1.0, 1.0, 1.0], [1.0, 1.0, 1.0], [0.9999990000000001, 0.999999, 0.999999], [0.9999990000000001, 0.999999, 0.9999989999999999], [1.0, 1.0, 1.0], [1.0, 1.0, 1.0], [1.0, 1.0, 1.0], [1.0, 1.0, 1.0], [1.0, 1.0, 1.0], [0.9999990000000001, 0.999999, 0.999999], [0.9999990000000001, 0.999999, 0.999999], [1.0, 1.0, 1.0], [1.0, 1.0, 1.0]], ""priority_audit_seconds"": 0.9054730460629798}",runs/y29_h0_g0.json
29,0,1,whole_body_total_heat_v1,0.7914577584928468,8.75,1040.0,policy_failure,failed,"{""C"": false, ""E"": null, ""S"": null, ""R"": null}","{""energy_wh"": -1134.0, ""body_power_w"": 143.82199391049215}","{""equipment_unavailable"": 0.0, ""initial_equipment_unavailable"": 0.0}","{""soc_lower"": -0.95, ""soc_upper"": 0.0, ""time_alignment_hours"": -1e-09, ""electrical_balance_wh"": -1e-08, ""battery_temperature_state_c"": 0.0, ""forcing_alignment"": 0.0}",Only 0 of 30 intervals are present; unseen intervals were not imputed.,"{""scheduled_steps"": 30, ""observed_steps"": 0, ""full_duration_hours"": 3.0, ""observed_duration_hours"": 0.0, ""mean_thermal_score_observed"": null, ""whole_body_unmet_heat_wh"": 0.0, ""service_floor_shortfall_duration_hours"": 0.0, ""allocation_deficit_duration_hours"": [0.0, 0.0, 0.0, 0.0, 0.0, 0.0, 0.0, 0.0, 0.0, 0.0, 0.0, 0.0], ""allocation_unmet_heat_wh"": [0.0, 0.0, 0.0, 0.0, 0.0, 0.0, 0.0, 0.0, 0.0, 0.0, 0.0, 0.0], ""electrical_load_energy_wh"": 0.0, ""pv_available_energy_wh"": 0.0, ""pv_used_energy_wh"": 0.0, ""pv_curtailed_energy_wh"": 0.0, ""discharged_ah"": 0.0, ""minimum_soc"": 1.0, ""observed_end_soc"": 1.0, ""terminal_soc"": null, ""low_soc_duration_hours"": 0.0, ""peak_load_w"": null, ""equipment_on_duration_hours"": 0.0, ""air_temperature_range_c"": null, ""filtered_air_temperature_range_c"": null, ""battery_temperature_range_c"": {""minimum"": 20.0, ""maximum"": 20.0}, ""priority_groups_observed"": [], ""priority_audit_seconds"": 0.0}",runs/y29_h0_g1.json
29,0,2,whole_body_total_heat_v1,0.9711727456437672,8.45,790.0,feasible,success,"{""C"": true, ""E"": true, ""S"": true, ""R"": true}","{""energy_wh"": -1332.0, ""body_power_w"": 16.783574370240345}","{""equipment_unavailable"": 0.0, ""initial_equipment_unavailable"": 0.0}","{""soc_lower"": -0.8672989299869163, ""soc_upper"": 0.0, ""time_alignment_hours"": -1e-09, ""electrical_balance_wh"": -1e-08, ""battery_temperature_state_c"": 0.0, ""forcing_alignment"": 0.0, ""pwm_lower"": -0.0, ""pwm_mask"": 0.0, ""equipment_availability"": 0.0, ""pv_lower_w"": -0.0, ""pv_upper_w"": 0.0, ""equipment_hysteresis"": 0.0, ""sensor_filter_state_c"": 0.0, ""priority_conformance"": -1.0099999963817737e-07, ""discharge_w"": -1633.0, ""charge_w"": -875.0, ""bus_w"": -93.0, ""service"": 0.0, ""service_oversupply"": 0.0, ""terminal_soc"": -0.7672989299869163}",,"{""scheduled_steps"": 30, ""observed_steps"": 30, ""full_duration_hours"": 3.0, ""observed_duration_hours"": 3.0, ""mean_thermal_score_observed"": 0.9711727456437672, ""whole_body_unmet_heat_wh"": 0.0, ""service_floor_shortfall_duration_hours"": 0.0, ""allocation_deficit_duration_hours"": [0.5, 0.7999999999999999, 0.0, 1.3, 1.3, 0.8999999999999999, 1.2, 1.2, null, null, null, null], ""allocation_unmet_heat_wh"": [0.046083659755946194, 0.04609686095651489, 0.0, 7.254263349745117, 1.1313672918587212, 1.131356900309172, 1.3106890752301918, 1.3106851474904846, null, null, null, null], ""electrical_load_energy_wh"": 143.89986182276635, ""pv_available_energy_wh"": 0.0, ""pv_used_energy_wh"": 0.0, ""pv_curtailed_energy_wh"": 0.0, ""discharged_ah"": 13.324061279885768, ""minimum_soc"": 0.9172989299869163, ""observed_end_soc"": 0.9172989299869163, ""terminal_soc"": 0.9172989299869163, ""low_soc_duration_hours"": 0.0, ""peak_load_w"": 107.0, ""equipment_on_duration_hours"": 0.0, ""air_temperature_range_c"": {""minimum"": -11.2, ""maximum"": -8.8}, ""filtered_air_temperature_range_c"": {""minimum"": -11.2, ""maximum"": -8.8}, ""battery_temperature_range_c"": {""minimum"": 9.14544423673927, ""maximum"": 20.0}, ""priority_groups_observed"": [[0.8566179150727525, 0.7630018329113268, 0.8415461392404341], [0.8566179150727525, 0.7630018329113268, 0.8415461392404341], [0.8566179150727525, 0.7630018329113268, 0.8415461392404341], [0.8566179150727525, 0.7630018329113268, 0.8415461392404341], [0.8566179150727525, 0.7630018329113268, 0.8415461392404341], [0.9233810114921733, 0.9310100480794444, 0.9999990000000001], [0.9233810114921733, 0.9310100480794444, 0.9999990000000001], [1.0, 1.0, 1.0], [1.0, 1.0, 1.0], [1.0, 1.0, 1.0], [1.0, 1.0, 1.0], [1.0, 1.0, 1.0], [0.9069674261907866, 0.887668866825682, 0.9790465442930317], [0.9069674261907866, 0.887668866825682, 0.9790465442930317], [1.0, 1.0, 1.0], [1.0, 1.0, 1.0], [1.0, 1.0, 1.0], [1.0, 1.0, 1.0], [1.0, 1.0, 1.0], [0.9069674261907866, 0.887668866825682, 0.9790465442930317], [0.927822546445831, 0.9427411325227286, 0.9999989999999996], [1.0, 1.0, 1.0], [1.0, 1.0, 1.0], [1.0, 1.0, 1.0], [1.0, 1.0, 1.0], [1.0, 1.0, 1.0], [0.9726182487105202, 0.9999990000000001, 0.9999990000000001], [0.9726182487105202, 0.9999990000000001, 0.9999990000000001], [1.0, 1.0, 1.0], [1.0, 1.0, 1.0]], ""priority_audit_seconds"": 0.7773955391021445}",runs/y29_h0_g2.json
29,0,3,whole_body_total_heat_v1,0.6457480899723209,8.25,690.0,policy_failure,failed,"{""C"": false, ""E"": null, ""S"": null, ""R"": null}","{""energy_wh"": -1332.0, ""body_power_w"": 337.6692318631293}","{""equipment_unavailable"": 0.0, ""initial_equipment_unavailable"": 0.0}","{""soc_lower"": -0.95, ""soc_upper"": 0.0, ""time_alignment_hours"": -1e-09, ""electrical_balance_wh"": -1e-08, ""battery_temperature_state_c"": 0.0, ""forcing_alignment"": 0.0}",Only 0 of 30 intervals are present; unseen intervals were not imputed.,"{""scheduled_steps"": 30, ""observed_steps"": 0, ""full_duration_hours"": 3.0, ""observed_duration_hours"": 0.0, ""mean_thermal_score_observed"": null, ""whole_body_unmet_heat_wh"": 0.0, ""service_floor_shortfall_duration_hours"": 0.0, ""allocation_deficit_duration_hours"": [0.0, 0.0, 0.0, 0.0, 0.0, 0.0, 0.0, 0.0, null, null, null, null], ""allocation_unmet_heat_wh"": [0.0, 0.0, 0.0, 0.0, 0.0, 0.0, 0.0, 0.0, null, null, null, null], ""electrical_load_energy_wh"": 0.0, ""pv_available_energy_wh"": 0.0, ""pv_used_energy_wh"": 0.0, ""pv_curtailed_energy_wh"": 0.0, ""discharged_ah"": 0.0, ""minimum_soc"": 1.0, ""observed_end_soc"": 1.0, ""terminal_soc"": null, ""low_soc_duration_hours"": 0.0, ""peak_load_w"": null, ""equipment_on_duration_hours"": 0.0, ""air_temperature_range_c"": null, ""filtered_air_temperature_range_c"": null, ""battery_temperature_range_c"": {""minimum"": 20.0, ""maximum"": 20.0}, ""priority_groups_observed"": [], ""priority_audit_seconds"": 0.0}",runs/y29_h0_g3.json
30,0,0,whole_body_total_heat_v1,1.0,9.5,1250.0,feasible,success,"{""C"": true, ""E"": true, ""S"": true, ""R"": true}","{""energy_wh"": -1191.0, ""body_power_w"": -65.29319233476953}","{""equipment_unavailable"": 0.0, ""initial_equipment_unavailable"": 0.0}","{""soc_lower"": -0.888264273258383, ""soc_upper"": 0.0, ""time_alignment_hours"": -1e-09, ""electrical_balance_wh"": -1e-08, ""battery_temperature_state_c"": 0.0, ""forcing_alignment"": 0.0, ""pwm_lower"": -0.0, ""pwm_mask"": -0.34685391078853056, ""equipment_availability"": 0.0, ""pv_lower_w"": -0.0, ""pv_upper_w"": 0.0, ""equipment_hysteresis"": 0.0, ""sensor_filter_state_c"": 0.0, ""priority_conformance"": -1.0099999986022198e-07, ""discharge_w"": -1706.5675918325835, ""charge_w"": -905.0, ""bus_w"": -106.56759183258342, ""service"": 0.0, ""service_oversupply"": 0.0, ""terminal_soc"": -0.788264273258383}",,"{""scheduled_steps"": 30, ""observed_steps"": 30, ""full_duration_hours"": 3.0, ""observed_duration_hours"": 3.0, ""mean_thermal_score_observed"": 1.0, ""whole_body_unmet_heat_wh"": 0.0, ""service_floor_shortfall_duration_hours"": 0.0, ""allocation_deficit_duration_hours"": [0.8999999999999999, 0.8999999999999999, 0.0, 0.0, 0.5, 0.7999999999999999, 0.7, 1.0999999999999999, 0.1, 0.1, 0.0, 0.0], ""allocation_unmet_heat_wh"": [7.4773311979914325e-06, 2.0596198255429245e-05, 0.0, 0.0, 1.5617197562534105e-05, 2.5116296897920164e-05, 9.236559022385295e-06, 1.4216913221876127e-05, 8.881784197001253e-17, 8.881784197001253e-17, 0.0, 0.0], ""electrical_load_energy_wh"": 111.1243081349098, ""pv_available_energy_wh"": 0.0, ""pv_used_energy_wh"": 0.0, ""pv_curtailed_energy_wh"": 0.0, ""discharged_ah"": 10.289287790269425, ""minimum_soc"": 0.938264273258383, ""observed_end_soc"": 0.938264273258383, ""terminal_soc"": 0.938264273258383, ""low_soc_duration_hours"": 0.0, ""peak_load_w"": 93.43240816741658, ""equipment_on_duration_hours"": 0.0, ""air_temperature_range_c"": {""minimum"": -11.2, ""maximum"": -8.8}, ""filtered_air_temperature_range_c"": {""minimum"": -11.2, ""maximum"": -8.8}, ""battery_temperature_range_c"": {""minimum"": 9.432482817753126, ""maximum"": 20.0}, ""priority_groups_observed"": [[0.9999990000000001, 0.999999, 0.999999], [0.9999990000000001, 0.999999, 0.999999], [0.9999990000000001, 0.999999, 0.999999], [0.9999990000000001, 0.999999, 0.999999], [0.9999990000000001, 0.999999, 0.999999], [0.9999990000000001, 0.999999, 0.999999], [0.9999990000000001, 0.999999, 0.999999], [1.0, 1.0, 1.0], [1.0, 1.0, 1.0], [1.0, 1.0, 1.0], [1.0, 1.0, 1.0], [1.0, 1.0, 1.0], [0.9999990000000001, 0.999999, 0.999999], [0.9999990000000001, 0.999999, 0.999999], [1.0, 1.0, 1.0], [1.0, 1.0, 1.0], [1.0, 1.0, 1.0], [1.0, 1.0, 1.0], [1.0, 1.0, 1.0], [0.9999990000000001, 0.999999, 0.999999], [0.9999990000000001, 0.999999, 0.9999989999999999], [1.0, 1.0, 1.0], [1.0, 1.0, 1.0], [1.0, 1.0, 1.0], [1.0, 1.0, 1.0], [1.0, 1.0, 1.0], [0.9999990000000001, 0.999999, 0.999999], [0.9999990000000001, 0.999999, 0.999999], [1.0, 1.0, 1.0], [1.0, 1.0, 1.0]], ""priority_audit_seconds"": 0.8851008328492753}",runs/y30_h0_g0.json
30,0,1,whole_body_total_heat_v1,0.7914577584928468,9.0,1050.0,policy_failure,failed,"{""C"": false, ""E"": null, ""S"": null, ""R"": null}","{""energy_wh"": -1191.0, ""body_power_w"": 143.82199391049215}","{""equipment_unavailable"": 0.0, ""initial_equipment_unavailable"": 0.0}","{""soc_lower"": -0.95, ""soc_upper"": 0.0, ""time_alignment_hours"": -1e-09, ""electrical_balance_wh"": -1e-08, ""battery_temperature_state_c"": 0.0, ""forcing_alignment"": 0.0}",Only 0 of 30 intervals are present; unseen intervals were not imputed.,"{""scheduled_steps"": 30, ""observed_steps"": 0, ""full_duration_hours"": 3.0, ""observed_duration_hours"": 0.0, ""mean_thermal_score_observed"": null, ""whole_body_unmet_heat_wh"": 0.0, ""service_floor_shortfall_duration_hours"": 0.0, ""allocation_deficit_duration_hours"": [0.0, 0.0, 0.0, 0.0, 0.0, 0.0, 0.0, 0.0, 0.0, 0.0, 0.0, 0.0], ""allocation_unmet_heat_wh"": [0.0, 0.0, 0.0, 0.0, 0.0, 0.0, 0.0, 0.0, 0.0, 0.0, 0.0, 0.0], ""electrical_load_energy_wh"": 0.0, ""pv_available_energy_wh"": 0.0, ""pv_used_energy_wh"": 0.0, ""pv_curtailed_energy_wh"": 0.0, ""discharged_ah"": 0.0, ""minimum_soc"": 1.0, ""observed_end_soc"": 1.0, ""terminal_soc"": null, ""low_soc_duration_hours"": 0.0, ""peak_load_w"": null, ""equipment_on_duration_hours"": 0.0, ""air_temperature_range_c"": null, ""filtered_air_temperature_range_c"": null, ""battery_temperature_range_c"": {""minimum"": 20.0, ""maximum"": 20.0}, ""priority_groups_observed"": [], ""priority_audit_seconds"": 0.0}",runs/y30_h0_g1.json
30,0,2,whole_body_total_heat_v1,0.9711727456437672,8.7,800.0,feasible,success,"{""C"": true, ""E"": true, ""S"": true, ""R"": true}","{""energy_wh"": -1389.0, ""body_power_w"": 16.783574370240345}","{""equipment_unavailable"": 0.0, ""initial_equipment_unavailable"": 0.0}","{""soc_lower"": -0.8700556323206847, ""soc_upper"": 0.0, ""time_alignment_hours"": -1e-09, ""electrical_balance_wh"": -1e-08, ""battery_temperature_state_c"": 0.0, ""forcing_alignment"": 0.0, ""pwm_lower"": -0.0, ""pwm_mask"": 0.0, ""equipment_availability"": 0.0, ""pv_lower_w"": -0.0, ""pv_upper_w"": 0.0, ""equipment_hysteresis"": 0.0, ""sensor_filter_state_c"": 0.0, ""priority_conformance"": -1.0099999963817737e-07, ""discharge_w"": -1693.0, ""charge_w"": -905.0, ""bus_w"": -93.0, ""service"": 0.0, ""service_oversupply"": 0.0, ""terminal_soc"": -0.7700556323206847}",,"{""scheduled_steps"": 30, ""observed_steps"": 30, ""full_duration_hours"": 3.0, ""observed_duration_hours"": 3.0, ""mean_thermal_score_observed"": 0.9711727456437672, ""whole_body_unmet_heat_wh"": 0.0, ""service_floor_shortfall_duration_hours"": 0.0, ""allocation_deficit_duration_hours"": [0.5, 0.7999999999999999, 0.0, 1.3, 1.3, 0.8999999999999999, 1.2, 1.2, null, null, null, null], ""allocation_unmet_heat_wh"": [0.046083659755946194, 0.04609686095651489, 0.0, 7.254263349745117, 1.1313672918587212, 1.131356900309172, 1.3106890752301918, 1.3106851474904846, null, null, null, null], ""electrical_load_energy_wh"": 143.89986182276635, ""pv_available_energy_wh"": 0.0, ""pv_used_energy_wh"": 0.0, ""pv_curtailed_energy_wh"": 0.0, ""discharged_ah"": 13.324061279885768, ""minimum_soc"": 0.9200556323206848, ""observed_end_soc"": 0.9200556323206848, ""terminal_soc"": 0.9200556323206848, ""low_soc_duration_hours"": 0.0, ""peak_load_w"": 107.0, ""equipment_on_duration_hours"": 0.0, ""air_temperature_range_c"": {""minimum"": -11.2, ""maximum"": -8.8}, ""filtered_air_temperature_range_c"": {""minimum"": -11.2, ""maximum"": -8.8}, ""battery_temperature_range_c"": {""minimum"": 9.432482817753126, ""maximum"": 20.0}, ""priority_groups_observed"": [[0.8566179150727525, 0.7630018329113268, 0.8415461392404341], [0.8566179150727525, 0.7630018329113268, 0.8415461392404341], [0.8566179150727525, 0.7630018329113268, 0.8415461392404341], [0.8566179150727525, 0.7630018329113268, 0.8415461392404341], [0.8566179150727525, 0.7630018329113268, 0.8415461392404341], [0.9233810114921733, 0.9310100480794444, 0.9999990000000001], [0.9233810114921733, 0.9310100480794444, 0.9999990000000001], [1.0, 1.0, 1.0], [1.0, 1.0, 1.0], [1.0, 1.0, 1.0], [1.0, 1.0, 1.0], [1.0, 1.0, 1.0], [0.9069674261907866, 0.887668866825682, 0.9790465442930317], [0.9069674261907866, 0.887668866825682, 0.9790465442930317], [1.0, 1.0, 1.0], [1.0, 1.0, 1.0], [1.0, 1.0, 1.0], [1.0, 1.0, 1.0], [1.0, 1.0, 1.0], [0.9069674261907866, 0.887668866825682, 0.9790465442930317], [0.927822546445831, 0.9427411325227286, 0.9999989999999996], [1.0, 1.0, 1.0], [1.0, 1.0, 1.0], [1.0, 1.0, 1.0], [1.0, 1.0, 1.0], [1.0, 1.0, 1.0], [0.9726182487105202, 0.9999990000000001, 0.9999990000000001], [0.9726182487105202, 0.9999990000000001, 0.9999990000000001], [1.0, 1.0, 1.0], [1.0, 1.0, 1.0]], ""priority_audit_seconds"": 0.7741240019677207}",runs/y30_h0_g2.json
30,0,3,whole_body_total_heat_v1,0.6457480899723209,8.5,700.0,policy_failure,failed,"{""C"": false, ""E"": null, ""S"": null, ""R"": null}","{""energy_wh"": -1389.0, ""body_power_w"": 337.6692318631293}","{""equipment_unavailable"": 0.0, ""initial_equipment_unavailable"": 0.0}","{""soc_lower"": -0.95, ""soc_upper"": 0.0, ""time_alignment_hours"": -1e-09, ""electrical_balance_wh"": -1e-08, ""battery_temperature_state_c"": 0.0, ""forcing_alignment"": 0.0}",Only 0 of 30 intervals are present; unseen intervals were not imputed.,"{""scheduled_steps"": 30, ""observed_steps"": 0, ""full_duration_hours"": 3.0, ""observed_duration_hours"": 0.0, ""mean_thermal_score_observed"": null, ""whole_body_unmet_heat_wh"": 0.0, ""service_floor_shortfall_duration_hours"": 0.0, ""allocation_deficit_duration_hours"": [0.0, 0.0, 0.0, 0.0, 0.0, 0.0, 0.0, 0.0, null, null, null, null], ""allocation_unmet_heat_wh"": [0.0, 0.0, 0.0, 0.0, 0.0, 0.0, 0.0, 0.0, null, null, null, null], ""electrical_load_energy_wh"": 0.0, ""pv_available_energy_wh"": 0.0, ""pv_used_energy_wh"": 0.0, ""pv_curtailed_energy_wh"": 0.0, ""discharged_ah"": 0.0, ""minimum_soc"": 1.0, ""observed_end_soc"": 1.0, ""terminal_soc"": null, ""low_soc_duration_hours"": 0.0, ""peak_load_w"": null, ""equipment_on_duration_hours"": 0.0, ""air_temperature_range_c"": null, ""filtered_air_temperature_range_c"": null, ""battery_temperature_range_c"": {""minimum"": 20.0, ""maximum"": 20.0}, ""priority_groups_observed"": [], ""priority_audit_seconds"": 0.0}",runs/y30_h0_g3.json
